Datetime,Close,Predicted_Price,Target,Prediction,Was_Correct,Pct_Change,SMA_5,SMA_20,RSI,ATR
2025-07-15 05:15:00+00:00,25167.44921875,25191.400390625,1,1,Success,0.09516726016538911,25151.699609375,25127.36748046875,66.16151394477814,19.196568080357142
2025-07-15 05:20:00+00:00,25191.400390625,25189.951171875,1,0,Fail,0.005752831234183106,25163.98984375,25132.58251953125,82.74427080818737,19.343052455357142
2025-07-15 05:25:00+00:00,25192.849609375,25213.449218749996,1,1,Success,0.08176768287194586,25173.78984375,25135.2275390625,82.32511961489746,18.582449776785715
2025-07-15 05:30:00+00:00,25213.44921875,25195.1484375,1,0,Fail,0.07258341011268943,25185.099609375,25138.5125,89.27995083555052,18.793247767857142
2025-07-15 05:35:00+00:00,25231.75,25221.400390625,0,0,Success,-0.041018198797150414,25199.3796875,25142.72998046875,90.28499593328786,19.132393973214285
2025-07-15 05:40:00+00:00,25221.400390625,25205.849609375,0,0,Success,-0.06165708885768434,25210.169921875,25146.8025390625,83.16141650197576,19.250139508928573
2025-07-15 05:45:00+00:00,25205.849609375,25194.298828125,1,0,Fail,0.045825796110851316,25213.059765625,25150.90751953125,75.0149564749836,19.960797991071427
2025-07-15 05:50:00+00:00,25217.400390625,25211.849609375,0,0,Success,-0.022011710818786848,25217.969921875,25156.69501953125,75.86324121530458,20.171316964285715
2025-07-15 05:55:00+00:00,25211.849609375,25224.19921875,1,1,Success,0.048983353329252806,25217.65,25161.97001953125,80.46153839221775,18.546316964285715
2025-07-15 06:00:00+00:00,25224.19921875,25219.0,0,0,Success,-0.02061202698611437,25216.13984375,25168.2599609375,81.98164925728494,18.853515625
2025-07-15 06:05:00+00:00,25219.0,25223.25,1,1,Success,0.016852373210674492,25215.659765625,25174.132421875,77.42529226757802,19.1357421875
2025-07-15 06:10:00+00:00,25223.25,25217.05078125,0,0,Success,-0.024577398828461834,25219.13984375,25179.3548828125,75.9986185558551,18.6572265625
2025-07-15 06:15:00+00:00,25217.05078125,25203.099609375,0,0,Success,-0.0553243596803688,25219.069921875,25184.0798828125,70.62068958738412,17.771484375
2025-07-15 06:20:00+00:00,25203.099609375,25204.650390625,1,1,Success,0.006153137011064874,25217.319921875,25187.82236328125,63.671113719033315,18.007254464285715
2025-07-15 06:25:00+00:00,25204.650390625,25205.300781249996,0,1,Fail,-0.002580438986140098,25213.41015625,25192.41240234375,62.33438234878283,17.896484375
2025-07-15 06:30:00+00:00,25204.0,25203.30078125,1,0,Fail,0.002774237224250119,25210.41015625,25196.98486328125,54.940947535451855,16.557198660714285
2025-07-15 06:35:00+00:00,25204.69921875,25205.94921875,1,1,Success,0.0049593926479793654,25206.7,25200.72236328125,54.674330031911246,16.289341517857142
2025-07-15 06:40:00+00:00,25205.94921875,25217.94921875,0,1,Fail,-0.04760780836245412,25204.4796875,25203.82734375,46.508456022299946,14.846540178571429
2025-07-15 06:45:00+00:00,25193.94921875,25192.650390625,0,0,Success,-0.005155317706337909,25202.649609375,25205.67978515625,31.305540486747915,14.389369419642858
2025-07-15 06:50:00+00:00,25192.650390625,25182.05078125,1,0,Fail,0.042074212957539624,25200.249609375,25207.29482421875,34.38361972279614,14.203683035714286
2025-07-15 06:55:00+00:00,25203.25,25210.499999999996,1,1,Success,0.028766131352107368,25200.099609375,25209.08486328125,48.507680155240934,13.425223214285714
2025-07-15 07:00:00+00:00,25210.5,25218.800781249996,1,1,Success,0.03292588901449793,25201.259765625,25210.03984375,45.83303839583629,13.203962053571429
2025-07-15 07:05:00+00:00,25218.80078125,25221.90234375,0,1,Fail,-0.012298612162026315,25203.830078125,25211.33740234375,54.06269254411511,13.425362723214286
2025-07-15 07:10:00+00:00,25215.69921875,25217.3984375,0,1,Fail,-0.006738733418649313,25208.180078125,25211.44990234375,44.429938995936666,12.675362723214286
2025-07-15 07:15:00+00:00,25214.0,25217.5,0,1,Fail,-0.013881177123820101,25212.45,25210.56240234375,46.56597082851723,11.475306919642858
2025-07-15 07:20:00+00:00,25210.5,25212.80078125,0,1,Fail,-0.009126281708018484,25213.9,25210.0173828125,41.15207365275737,11.560965401785714
2025-07-15 07:25:00+00:00,25208.19921875,25218.5,1,1,Success,0.04086282070612256,25213.43984375,25210.13486328125,43.50604679548021,11.225306919642858
2025-07-15 07:30:00+00:00,25218.5,25224.44921875,0,1,Fail,-0.02359069234887087,25213.3796875,25210.18984375,61.937925679342605,10.964564732142858
2025-07-15 07:35:00+00:00,25212.55078125,25220.902343749996,0,1,Fail,-0.03312462341656786,25212.75,25210.22490234375,55.733197154096,11.200334821428571
2025-07-15 07:40:00+00:00,25204.19921875,25210.597656250004,0,1,Fail,-0.025386394721241733,25210.78984375,25209.22490234375,50.13003560445383,11.0146484375
2025-07-15 07:45:00+00:00,25197.80078125,25198.249999999996,1,1,Success,0.0017827696706542316,25208.25,25208.16494140625,45.80900841796978,11.207449776785714
2025-07-15 07:50:00+00:00,25198.25,25186.94921875,0,0,Success,-0.04484748444832479,25206.26015625,25206.91494140625,45.27655283633475,11.289620535714286
2025-07-15 07:55:00+00:00,25186.94921875,25196.597656249996,0,1,Fail,-0.038307289287808556,25199.95,25205.40986328125,45.668358634916416,11.596819196428571
2025-07-15 08:00:00+00:00,25177.30078125,25178.599609375,1,1,Success,0.005158726649392302,25192.9,25204.119921875,41.391170928537214,11.200474330357142
2025-07-15 08:05:00+00:00,25178.599609375,25174.349609375,1,0,Fail,0.01687941373203915,25187.780078125,25202.8173828125,34.56448884676803,11.339704241071429
2025-07-15 08:10:00+00:00,25182.849609375,25190.30078125,1,1,Success,0.029588279287607305,25184.78984375,25201.75986328125,32.01006424137847,11.428850446428571
2025-07-15 08:15:00+00:00,25190.30078125,25184.8515625,1,0,Fail,0.02163220994191558,25183.2,25201.03994140625,31.249999942434215,11.564592633928571
2025-07-15 08:20:00+00:00,25195.75,25197.900390625,0,1,Fail,-0.008534735520871577,25184.96015625,25200.52998046875,37.2687838991019,11.803850446428571
2025-07-15 08:25:00+00:00,25193.599609375,25208.548828125,0,1,Fail,-0.05933736735435424,25188.219921875,25200.5125,37.055397133321826,11.714564732142858
2025-07-15 08:30:00+00:00,25178.650390625,25183.701171874996,0,1,Fail,-0.020059777516433543,25188.230078125,25199.8125,32.35440512651408,11.989536830357142
2025-07-15 08:35:00+00:00,25173.599609375,25184.849609375,1,1,Success,0.04468967559097247,25186.380078125,25198.32998046875,31.397668754581858,13.3037109375
2025-07-15 08:40:00+00:00,25184.849609375,25181.19921875,1,0,Fail,0.014494391197957167,25185.28984375,25197.0474609375,32.09080887506977,13.4501953125
2025-07-15 08:45:00+00:00,25188.5,25178.650390625,0,0,Success,-0.03910359638327014,25183.83984375,25195.532421875,36.87878265613607,13.268136160714286
2025-07-15 08:50:00+00:00,25178.650390625,25175.55078125,1,0,Fail,0.01231046671252128,25180.85,25193.67998046875,36.285672294542856,13.657366071428571
2025-07-15 08:55:00+00:00,25181.75,25191.650390625,1,1,Success,0.03931573709134592,25181.469921875,25192.06748046875,41.0677795977623,13.539481026785714
2025-07-15 09:00:00+00:00,25191.650390625,25208.6015625,0,1,Fail,-0.06728885012356448,25185.080078125,25191.125,46.67689456647588,13.843052455357142
2025-07-15 09:05:00+00:00,25174.69921875,25178.25,1,1,Success,0.014104562756227072,25183.05,25189.45,44.16384406212706,14.843052455357142
2025-07-15 09:10:00+00:00,25178.25,25186.449218749996,0,1,Fail,-0.032564688769076484,25181.0,25187.4375,50.48012321942593,14.257254464285714
2025-07-15 09:15:00+00:00,25170.05078125,25176.101562499996,0,1,Fail,-0.02403960684301609,25179.280078125,25185.3125,45.95807547706575,14.325055803571429
2025-07-15 09:20:00+00:00,25164.0,25168.0,0,1,Fail,-0.01589572405023049,25175.730078125,25183.3025390625,41.23703846303828,14.485909598214286
2025-07-15 09:25:00+00:00,25160.0,25146.150390625,1,0,Fail,0.055046142189984104,25169.4,25181.4125,35.44652903300549,14.203683035714286
2025-07-15 09:30:00+00:00,25173.849609375,25186.650390625,1,1,Success,0.05084951824465043,25169.230078125,25180.19248046875,40.26666198700865,14.835797991071429
2025-07-15 09:35:00+00:00,25186.650390625,25201.900390625,1,1,Success,0.06054794807362066,25170.91015625,25180.1775390625,47.1786087578621,15.478655133928571
2025-07-15 09:40:00+00:00,25201.900390625,25204.849609375,1,1,Success,0.011702366505254093,25177.280078125,25181.40751953125,59.41652948584077,15.521484375
2025-07-15 09:45:00+00:00,25204.849609375,25220.849609375,1,1,Success,0.06347984712453418,25185.45,25182.72001953125,62.87581271314398,14.567940848214286
2025-07-15 09:50:00+00:00,25220.849609375,25222.048828125,0,1,Fail,-0.004754870547874925,25197.619921875,25184.62001953125,64.27420846590708,14.942801339285714
2025-07-15 09:55:00+00:00,25219.650390625,25279.550781249996,0,1,Fail,-0.23751475415879278,25206.780078125,25186.0875,62.59615529408312,15.378487723214286
2025-07-16 03:45:00+00:00,25159.75,25171.69921875,0,1,Fail,-0.04749339222369062,25201.4,25184.2875,44.5595097184008,18.846400669642858
2025-07-16 03:50:00+00:00,25147.80078125,25148.90234375,0,1,Fail,-0.004380353214907429,25190.580078125,25181.99755859375,40.70143150538722,19.946428571428573
2025-07-16 03:55:00+00:00,25146.69921875,25135.248046875,1,0,Fail,0.0455374750196309,25178.95,25180.4,37.0645563487732,20.539202008928573
2025-07-16 04:00:00+00:00,25158.150390625,25149.05078125,1,0,Fail,0.03616962786895058,25166.41015625,25179.6275390625,45.08212893108727,19.628487723214285
2025-07-16 04:05:00+00:00,25167.25,25180.400390625004,0,1,Fail,-0.05225199664246193,25155.930078125,25178.74755859375,46.83545722521334,20.478515625
2025-07-16 04:10:00+00:00,25154.099609375,25152.548828125,1,0,Fail,0.006165123276453989,25154.8,25177.0275390625,45.53818245796946,20.689313616071427
2025-07-16 04:15:00+00:00,25155.650390625,25154.8515625,1,0,Fail,0.003175541528823707,25156.369921875,25175.8775390625,47.60415612033283,21.064313616071427
2025-07-16 04:20:00+00:00,25156.44921875,25155.05078125,0,0,Success,-0.005558962188342918,25158.319921875,25174.6125,48.962068059220336,21.625139508928573
2025-07-16 04:25:00+00:00,25155.05078125,25157.3515625,0,1,Fail,-0.009146398749132917,25157.7,25172.78251953125,44.07349478271507,21.118024553571427
2025-07-16 04:30:00+00:00,25152.75,25144.75,0,0,Success,-0.031805667372354914,25154.8,25171.68505859375,38.55486828222648,20.889369419642858
2025-07-16 04:35:00+00:00,25144.75,25141.75,0,0,Success,-0.011930919973354279,25152.930078125,25170.01005859375,29.71226510254766,20.79296875
2025-07-16 04:40:00+00:00,25141.75,25141.400390625,1,0,Fail,0.0013905530641264033,25150.15,25168.59501953125,27.60843345699432,20.914341517857142
2025-07-16 04:45:00+00:00,25142.099609375,25135.8984375,1,0,Fail,0.024664494896391644,25147.280078125,25167.5,18.562874230748093,20.225167410714285
2025-07-16 04:50:00+00:00,25148.30078125,25147.90234375,1,0,Fail,0.0015843515769346371,25145.930078125,25166.9150390625,22.610925315707973,20.064313616071427
2025-07-16 04:55:00+00:00,25148.69921875,25158.3984375,0,1,Fail,-0.03856747685291253,25145.119921875,25165.65751953125,42.19026051722069,16.660714285714285
2025-07-16 05:00:00+00:00,25139.0,25137.599609375,0,0,Success,-0.0055705900194916265,25143.969921875,25163.275,43.57607199123139,16.553571428571427
2025-07-16 05:05:00+00:00,25137.599609375,25127.05078125,0,0,Success,-0.04196434142051433,25143.13984375,25160.0599609375,43.38679906004356,15.832170758928571
2025-07-16 05:10:00+00:00,25127.05078125,25126.599609375,0,0,Success,-0.001795562395793254,25140.130078125,25156.17001953125,27.097776315554796,15.485770089285714
2025-07-16 05:15:00+00:00,25126.599609375,25121.1484375,1,0,Fail,0.0216948252439463,25135.78984375,25151.45751953125,15.694742010054426,14.521484375
2025-07-16 05:20:00+00:00,25132.05078125,25138.5,1,1,Success,0.02566133104749056,25132.46015625,25147.0775390625,28.61364748035365,14.014369419642858
2025-07-16 05:25:00+00:00,25138.5,25142.749999999996,1,1,Success,0.01690633888259045,25132.36015625,25146.0150390625,34.808484049165344,13.321428571428571
2025-07-16 05:30:00+00:00,25142.75,25143.25,0,1,Fail,-0.001988644837975162,25133.390234375,25145.7625,38.56462753474917,12.703543526785714
2025-07-16 05:35:00+00:00,25142.25,25145.75,1,1,Success,0.013920790700911812,25136.430078125,25145.5400390625,39.15188020370741,12.335658482142858
2025-07-16 05:40:00+00:00,25145.75,25160.699218750004,0,1,Fail,-0.05945027986836742,25140.26015625,25144.92001953125,44.18597095687333,12.41796875
2025-07-16 05:45:00+00:00,25130.80078125,25141.099609375,1,1,Success,0.04098089915496811,25140.01015625,25143.09755859375,39.61314709600144,12.682338169642858
2025-07-16 05:50:00+00:00,25141.099609375,25147.30078125,1,1,Success,0.024665475939197233,25140.530078125,25142.44755859375,49.5631869362046,12.796735491071429
2025-07-16 05:55:00+00:00,25147.30078125,25144.251953125,1,0,Fail,0.012123878230594144,25141.440234375,25142.030078125,53.23863488881509,12.632393973214286
2025-07-16 06:00:00+00:00,25150.349609375,25149.8984375,1,0,Fail,0.001793899019327437,25143.06015625,25141.72509765625,51.327881625378296,12.439592633928571
2025-07-16 06:05:00+00:00,25150.80078125,25147.90234375,1,0,Fail,0.01152423545162345,25144.0703125,25141.51259765625,51.36112929004792,12.000279017857142
2025-07-16 06:10:00+00:00,25153.69921875,25166.449218750004,1,1,Success,0.05068836948839688,25148.65,25141.56005859375,60.44001763588003,10.946707589285714
2025-07-16 06:15:00+00:00,25166.44921875,25123.248046875,1,0,Fail,0.17166176880770856,25153.719921875,25142.64501953125,67.64544248360231,11.225167410714286
2025-07-16 06:20:00+00:00,25209.650390625,25185.650390625,0,0,Success,-0.09520163757973078,25166.18984375,25146.0400390625,86.10110449914248,13.485909598214286
2025-07-16 06:25:00+00:00,25185.650390625,25180.400390625,0,0,Success,-0.020845203195364922,25173.25,25148.217578125,71.40308643468535,14.896623883928571
2025-07-16 06:30:00+00:00,25180.400390625,25175.55078125,1,0,Fail,0.019259460929007207,25179.169921875,25149.82255859375,67.55001623715762,14.832310267857142
2025-07-16 06:35:00+00:00,25185.25,25191.400390625,0,1,Fail,-0.024420605810940927,25185.480078125,25151.65009765625,67.16876104873677,14.850167410714286
2025-07-16 06:40:00+00:00,25179.099609375,25186.0,1,1,Success,0.027405231847253023,25188.01015625,25153.655078125,63.16548995447572,15.0537109375
2025-07-16 06:45:00+00:00,25186.0,25200.0,0,1,Fail,-0.055586436909394105,25183.280078125,25156.07509765625,65.14373016212576,15.639508928571429
2025-07-16 06:50:00+00:00,25172.0,25185.05078125,1,1,Success,0.051846421619259495,25180.55,25158.32255859375,58.47051700164915,15.903738839285714
2025-07-16 06:55:00+00:00,25185.05078125,25166.40234375,1,0,Fail,0.07404566169818312,25181.480078125,25161.2451171875,67.72287582177107,15.650111607142858
2025-07-16 07:00:00+00:00,25203.69921875,25197.75,0,0,Success,-0.02360454589766786,25185.169921875,25164.8275390625,69.39264488093633,16.289481026785715
2025-07-16 07:05:00+00:00,25197.75,25204.30078125,1,1,Success,0.025997484894484627,25188.9,25167.7900390625,65.65302752816686,16.603655133928573
2025-07-16 07:10:00+00:00,25204.30078125,25218.75,1,1,Success,0.057328385641029454,25192.56015625,25170.867578125,66.38355411254466,17.364397321428573
2025-07-16 07:15:00+00:00,25218.75,25206.650390625,0,0,Success,-0.047978624535315983,25201.91015625,25174.692578125,69.01757986457362,18.885881696428573
2025-07-16 07:20:00+00:00,25206.650390625,25208.5,1,1,Success,0.007337783268846848,25206.230078125,25177.73759765625,64.09403295319913,19.350167410714285
2025-07-16 07:25:00+00:00,25208.5,25214.650390625,1,1,Success,0.024398082492016582,25207.190234375,25181.62255859375,61.882160705140144,18.932338169642858
2025-07-16 07:30:00+00:00,25214.650390625,25212.44921875,0,0,Success,-0.008729733868602091,25210.5703125,25185.30009765625,51.787010614395314,16.3359375
2025-07-16 07:35:00+00:00,25212.44921875,25214.599609375,1,1,Success,0.008529082622408604,25212.2,25188.55751953125,61.34585799862287,14.810825892857142
2025-07-16 07:40:00+00:00,25214.599609375,25216.69921875,1,1,Success,0.008326959013933133,25211.369921875,25191.77001953125,64.86922546450702,14.628627232142858
2025-07-16 07:45:00+00:00,25216.69921875,25222.84765625,0,1,Fail,-0.0243824040833556,25213.3796875,25195.06494140625,64.00856061059066,14.314313616071429
2025-07-16 07:50:00+00:00,25210.55078125,25214.501953125,0,1,Fail,-0.01567269160156005,25213.78984375,25197.90751953125,64.00967436466716,13.992885044642858
2025-07-16 07:55:00+00:00,25206.599609375,25218.8984375,0,1,Fail,-0.04879209538610571,25212.1796875,25199.9150390625,59.4235270231147,13.539202008928571
2025-07-16 08:00:00+00:00,25194.30078125,25206.849609375,1,1,Success,0.049808201600653426,25208.55,25199.14755859375,60.36304221588632,13.446428571428571
2025-07-16 08:05:00+00:00,25206.849609375,25214.55078125,1,1,Success,0.03055190154399842,25207.0,25200.20751953125,60.17726543662564,13.821428571428571
2025-07-16 08:10:00+00:00,25214.55078125,25218.150390625004,1,1,Success,0.014275921099005797,25206.5703125,25201.9150390625,55.64312984503738,13.060546875
2025-07-16 08:15:00+00:00,25218.150390625,25222.30078125,0,1,Fail,-0.016457950169664042,25208.090234375,25203.56005859375,60.87454441721005,12.714146205357142
2025-07-16 08:20:00+00:00,25214.0,25210.5,1,0,Fail,0.013881177123820101,25209.5703125,25205.305078125,55.306008975888226,12.596400669642858
2025-07-16 08:25:00+00:00,25217.5,25228.099609375,1,1,Success,0.04203275255279072,25214.21015625,25206.880078125,49.22311232026433,11.189174107142858
2025-07-16 08:30:00+00:00,25228.099609375,25229.19921875,0,1,Fail,-0.004358669071495876,25218.46015625,25209.68505859375,63.584186716201216,11.042689732142858
2025-07-16 08:35:00+00:00,25227.0,25243.75,1,1,Success,0.06639711420303643,25220.95,25211.78251953125,61.82876256476633,10.860630580357142
2025-07-16 08:40:00+00:00,25243.75,25249.05078125,1,1,Success,0.02099839069076504,25226.069921875,25213.78505859375,66.38513131511083,12.421316964285714
2025-07-16 08:45:00+00:00,25249.05078125,25261.402343749996,0,1,Fail,-0.04891891820809477,25233.080078125,25216.35009765625,69.91413744343609,12.760602678571429
2025-07-16 08:50:00+00:00,25236.69921875,25248.449218750004,0,1,Fail,-0.04655917914681233,25236.919921875,25217.97001953125,60.82257284821115,13.610630580357142
2025-07-16 08:55:00+00:00,25224.94921875,25227.69921875,1,1,Success,0.01090190499949904,25236.28984375,25218.27998046875,53.691275100521,14.074916294642858
2025-07-16 09:00:00+00:00,25227.69921875,25229.298828125,0,1,Fail,-0.006340686723469104,25236.4296875,25219.332421875,57.91333181643904,14.157087053571429
2025-07-16 09:05:00+00:00,25226.099609375,25233.849609375,1,1,Success,0.030722149361210795,25232.899609375,25220.21240234375,59.198113129360976,14.278599330357142
2025-07-16 09:10:00+00:00,25233.849609375,25231.25,0,0,Success,-0.010302072078745292,25229.859375,25221.17236328125,69.49155795812419,14.064174107142858
2025-07-16 09:15:00+00:00,25231.25,25240.05078125,0,1,Fail,-0.03488048055486748,25228.76953125,25222.11240234375,63.333262085856084,13.171177455357142
2025-07-16 09:20:00+00:00,25222.44921875,25227.5,1,1,Success,0.02002494367694206,25228.26953125,25222.5048828125,54.26474302097155,13.296316964285714
2025-07-16 09:25:00+00:00,25227.5,25241.349609375004,0,1,Fail,-0.05489885789317213,25228.2296875,25223.044921875,54.970407975490005,13.346400669642858
2025-07-16 09:30:00+00:00,25213.650390625,25215.400390625,0,1,Fail,-0.006940684799257347,25225.73984375,25223.19990234375,49.831516658723984,13.542689732142858
2025-07-16 09:35:00+00:00,25211.900390625,25216.30078125,0,1,Fail,-0.017453625299250656,25221.35,25223.46494140625,47.25514593801342,13.374720982142858
2025-07-16 09:40:00+00:00,25207.5,25207.19921875,1,0,Fail,0.0011932212635128434,25216.6,25224.12490234375,39.248944918281694,13.117606026785714
2025-07-16 09:45:00+00:00,25207.80078125,25195.900390625,0,0,Success,-0.04720915849926788,25213.6703125,25224.1724609375,39.89556344599905,13.253348214285714
2025-07-16 09:50:00+00:00,25195.900390625,25193.25,1,0,Fail,0.010519134398491942,25207.350390625,25223.23994140625,23.46237999779494,12.2568359375
2025-07-16 09:55:00+00:00,25198.55078125,25179.501953125,1,0,Fail,0.07559493516259694,25204.33046875,25222.2599609375,21.144145316824876,12.535435267857142
2025-07-17 03:45:00+00:00,25217.599609375,25217.548828125,1,0,Fail,0.0002013722590040701,25205.4703125,25222.43994140625,39.86232914811363,13.646065848214286
2025-07-17 03:50:00+00:00,25217.650390625,25225.5,0,1,Fail,-0.03112744150786624,25207.500390625,25222.4474609375,45.57657244698448,14.642438616071429
2025-07-17 03:55:00+00:00,25209.80078125,25191.849609375,0,0,Success,-0.0712071151643187,25207.900390625,25221.53251953125,39.78417901427517,15.556780133928571
2025-07-17 04:00:00+00:00,25191.849609375,25190.30078125,0,0,Success,-0.006148131832382854,25207.090234375,25219.775,33.52622872382459,16.781808035714285
2025-07-17 04:05:00+00:00,25190.30078125,25189.451171875,1,0,Fail,0.0033727639156750093,25205.440234375,25217.1025390625,27.72482962721901,16.924665178571427
2025-07-17 04:10:00+00:00,25191.150390625,25183.900390625,0,0,Success,-0.028779948067390045,25200.150390625,25214.20751953125,29.115211643501354,17.542689732142858
2025-07-17 04:15:00+00:00,25183.900390625,25175.150390625,1,0,Fail,0.03474441950722331,25193.400390625,25211.567578125,29.59325043691466,17.388950892857142
2025-07-17 04:20:00+00:00,25192.650390625,25189.05078125,0,0,Success,-0.014288331395014838,25189.9703125,25209.95263671875,32.246830988966764,17.892578125
2025-07-17 04:25:00+00:00,25189.05078125,25186.5,0,0,Success,-0.010126547729614042,25189.410546875,25208.02021484375,36.00711026372648,16.992606026785715
2025-07-17 04:30:00+00:00,25186.5,25170.0,0,0,Success,-0.06551128580787327,25188.650390625,25206.040234375,35.68204332142048,17.017717633928573
2025-07-17 04:35:00+00:00,25170.0,25160.099609375,0,0,Success,-0.039334090683353196,25184.4203125,25202.84775390625,31.398953647535805,18.182059151785715
2025-07-17 04:40:00+00:00,25160.099609375,25158.0,0,0,Success,-0.008344996274250269,25179.66015625,25199.290234375,28.3962847937117,18.710658482142858
2025-07-17 04:45:00+00:00,25158.0,25156.0,1,0,Fail,0.007949757532395262,25172.730078125,25196.0677734375,31.16275453367996,18.507114955357142
2025-07-17 04:50:00+00:00,25160.0,25155.150390625,0,0,Success,-0.019275077007154213,25166.919921875,25192.6927734375,30.71481607453711,18.100027901785715
2025-07-17 04:55:00+00:00,25155.150390625,25156.3515625,0,1,Fail,-0.004775053443718076,25160.65,25189.7677734375,13.58646134808042,16.357282366071427
2025-07-17 05:00:00+00:00,25153.94921875,25157.748046875004,0,1,Fail,-0.015102312928930923,25157.43984375,25186.87021484375,13.348167105908871,15.4609375
2025-07-17 05:05:00+00:00,25150.150390625,25151.400390625004,0,1,Fail,-0.004970149206208928,25155.45,25184.002734375,14.00080150395867,14.789481026785714
2025-07-17 05:10:00+00:00,25148.900390625,25142.5,1,0,Fail,0.025449982009495477,25153.630078125,25181.05771484375,17.535726902770733,13.339425223214286
2025-07-17 05:15:00+00:00,25155.30078125,25144.201171875,1,0,Fail,0.04412433574745134,25152.690234375,25179.027734375,25.352112626066273,13.132393973214286
2025-07-17 05:20:00+00:00,25166.400390625,25162.80078125,0,0,Success,-0.014303234944719898,25154.940234375,25177.42021484375,34.76923070932071,12.953822544642858
2025-07-17 05:25:00+00:00,25162.80078125,25158.25,0,0,Success,-0.018085352618580533,25156.710546875,25174.6802734375,36.40482236516831,12.903878348214286
2025-07-17 05:30:00+00:00,25158.25,25153.849609375,0,0,Success,-0.017490845448312184,25158.33046875,25171.71025390625,26.566616058532375,12.725167410714286
2025-07-17 05:35:00+00:00,25153.849609375,25128.798828125,1,0,Fail,0.09959024816886643,25159.3203125,25168.9126953125,26.27990834977379,12.696568080357142
2025-07-17 05:40:00+00:00,25178.900390625,25179.201171875,0,1,Fail,-0.0011945765912477718,25164.040234375,25168.265234375,46.070570109625365,15.600167410714286
2025-07-17 05:45:00+00:00,25178.599609375,25178.349609375,1,0,Fail,0.0009929066901199501,25166.480078125,25167.68017578125,55.34124259487929,14.871651785714286
2025-07-17 05:50:00+00:00,25178.849609375,25175.048828125,1,0,Fail,0.015095134642628115,25169.68984375,25167.06513671875,63.231888727189826,14.546595982142858
2025-07-17 05:55:00+00:00,25182.650390625,25185.1015625,0,1,Fail,-0.00973357385731139,25174.569921875,25167.00263671875,66.98791275737761,14.271623883928571
2025-07-17 06:00:00+00:00,25180.19921875,25201.55078125,1,1,Success,0.08479504992995024,25179.83984375,25166.380078125,63.83434093382082,14.257254464285714
2025-07-17 06:05:00+00:00,25201.55078125,25196.900390625,0,0,Success,-0.01845279548614087,25184.369921875,25167.005078125,75.92030886940084,15.392996651785714
2025-07-17 06:10:00+00:00,25196.900390625,25194.25,0,0,Success,-0.010518716921173883,25188.030078125,25167.52509765625,73.10318733343063,15.360770089285714
2025-07-17 06:15:00+00:00,25194.25,25192.400390625,0,0,Success,-0.007341394861922859,25191.11015625,25168.73759765625,74.017657583117,15.189313616071429
2025-07-17 06:20:00+00:00,25192.400390625,25189.849609375,0,0,Success,-0.01012520129264553,25193.06015625,25170.35263671875,73.53736884360926,15.589425223214286
2025-07-17 06:25:00+00:00,25189.849609375,25188.3984375,1,0,Fail,0.005760939019103599,25194.990234375,25171.9451171875,69.50662744575031,15.589285714285714
2025-07-17 06:30:00+00:00,25191.30078125,25191.701171875,0,1,Fail,-0.0015894003587858096,25192.940234375,25173.51015625,65.77807468342436,15.028599330357142
2025-07-17 06:35:00+00:00,25190.900390625,25184.30078125,0,0,Success,-0.026198386213523748,25191.740234375,25175.29765625,68.55764505032603,15.149972098214286
2025-07-17 06:40:00+00:00,25184.30078125,25188.90234375,0,1,Fail,-0.01827155155098019,25189.750390625,25176.815234375,66.75123066450497,14.775111607142858
2025-07-17 06:45:00+00:00,25179.69921875,25181.847656249996,0,1,Fail,-0.008532419237161385,25187.21015625,25178.29267578125,66.57898021364446,14.957310267857142
2025-07-17 06:50:00+00:00,25177.55078125,25180.099609375,1,1,Success,0.010123415685445229,25184.750390625,25179.7251953125,48.77434447847937,12.078822544642858
2025-07-17 06:55:00+00:00,25180.099609375,25180.8984375,0,1,Fail,-0.0031724581609779735,25182.51015625,25180.96513671875,51.308793330681176,11.664481026785714
2025-07-17 07:00:00+00:00,25179.30078125,25187.451171875,0,1,Fail,-0.03236940809360864,25180.190234375,25181.61015625,50.38992594402789,11.550223214285714
2025-07-17 07:05:00+00:00,25171.150390625,25193.55078125,1,1,Success,0.08899231968890477,25177.56015625,25182.02763671875,40.75609134258363,11.610909598214286
2025-07-17 07:10:00+00:00,25193.55078125,25177.44921875,0,0,Success,-0.0639114455910018,25180.33046875,25183.79267578125,58.126099468249755,13.860909598214286
2025-07-17 07:15:00+00:00,25177.44921875,25174.8984375,1,0,Fail,0.010131213959912974,25180.31015625,25184.97265625,34.32976069333171,13.3359375
2025-07-17 07:20:00+00:00,25180.0,25179.69921875,0,0,Success,-0.0011945244241461477,25180.290234375,25185.02763671875,38.70336032861806,12.9111328125
2025-07-17 07:25:00+00:00,25179.69921875,25180.998046875,0,1,Fail,-0.0051582352661021106,25180.369921875,25185.0826171875,39.958486012933356,12.678989955357142
2025-07-17 07:30:00+00:00,25178.400390625,25188.5,0,1,Fail,-0.04011219624087207,25181.819921875,25185.06015625,40.2645731817742,12.3681640625
2025-07-17 07:35:00+00:00,25168.30078125,25169.501953125,0,1,Fail,-0.004772558487122241,25176.769921875,25184.34267578125,36.4389487791749,12.6396484375
2025-07-17 07:40:00+00:00,25167.099609375,25164.30078125,0,0,Success,-0.011120980043156854,25174.7,25183.6876953125,34.721708404506614,12.682338169642858
2025-07-17 07:45:00+00:00,25164.30078125,25157.55078125,0,0,Success,-0.026823713715222502,25171.56015625,25181.8251953125,33.70114166409685,12.660993303571429
2025-07-17 07:50:00+00:00,25157.55078125,25148.6015625,1,0,Fail,0.03557269476593835,25167.13046875,25179.85771484375,33.639143673278525,12.896623883928571
2025-07-17 07:55:00+00:00,25166.5,25166.80078125,0,1,Fail,-0.0011951651997695349,25164.750390625,25178.47021484375,42.334739734255386,12.957310267857142
2025-07-17 08:00:00+00:00,25166.19921875,25169.150390625,1,1,Success,0.01172672857489437,25164.330078125,25177.16015625,43.26316758389503,12.774972098214286
2025-07-17 08:05:00+00:00,25169.150390625,25168.849609375,0,0,Success,-0.001195039345118439,25164.740234375,25176.1251953125,43.53283182316383,12.653459821428571
2025-07-17 08:10:00+00:00,25168.849609375,25163.5,0,0,Success,-0.021254882356670585,25165.65,25175.00263671875,43.79047037067095,12.385463169642858
2025-07-17 08:15:00+00:00,25163.5,25147.55078125,1,0,Fail,0.06338235440220956,25166.83984375,25173.6326171875,45.29805768499352,12.267717633928571
2025-07-17 08:20:00+00:00,25179.44921875,25181.44921875,0,1,Fail,-0.007942985498311418,25169.4296875,25173.3900390625,40.58670135829844,11.660574776785714
2025-07-17 08:25:00+00:00,25177.44921875,25187.449218750004,0,1,Fail,-0.03971808229307383,25171.6796875,25173.2775390625,49.99999988486991,10.749860491071429
2025-07-17 08:30:00+00:00,25167.44921875,25168.44921875,1,1,Success,0.00397338638218048,25171.339453125,25172.7724609375,40.80528837783531,11.156947544642858
2025-07-17 08:35:00+00:00,25168.44921875,25180.8984375,0,1,Fail,-0.049463590870452115,25171.259375,25172.18994140625,41.84182190812923,11.607003348214286
2025-07-17 08:40:00+00:00,25156.0,25165.650390625,0,1,Fail,-0.038362182481316585,25169.759375,25171.02490234375,36.01716606320962,12.496233258928571
2025-07-17 08:45:00+00:00,25146.349609375,25141.3984375,1,0,Fail,0.019689425908379625,25163.139453125,25169.78486328125,36.22029860483385,13.010602678571429
2025-07-17 08:50:00+00:00,25151.30078125,25168.751953125,0,1,Fail,-0.06938476871148408,25157.909765625,25167.67236328125,40.528324795553495,13.524972098214286
2025-07-17 08:55:00+00:00,25133.849609375,25127.5,1,0,Fail,0.025263178835253225,25151.18984375,25165.4923828125,34.472043454157,14.003487723214286
2025-07-17 09:00:00+00:00,25140.19921875,25147.900390625,1,1,Success,0.030632899158795572,25145.53984375,25163.50234375,41.115644566839286,14.678571428571429
2025-07-17 09:05:00+00:00,25147.900390625,25157.3515625,0,1,Fail,-0.03758234973176268,25143.919921875,25161.91240234375,40.35332962798017,14.810686383928571
2025-07-17 09:10:00+00:00,25138.44921875,25122.25,0,0,Success,-0.06444000824807243,25142.33984375,25159.91484375,36.85515500995897,15.475027901785714
2025-07-17 09:15:00+00:00,25122.25,25119.80078125,0,0,Success,-0.009749201405128919,25136.5296875,25157.6123046875,30.26123264061806,16.635881696428573
2025-07-17 09:20:00+00:00,25119.80078125,25123.951171875,0,1,Fail,-0.016522386706577494,25133.719921875,25155.24736328125,29.723706910869325,17.5859375
2025-07-17 09:25:00+00:00,25115.650390625,25124.101562500004,0,1,Fail,-0.03364902657728743,25128.81015625,25152.81484375,30.021365743774865,18.132254464285715
2025-07-17 09:30:00+00:00,25107.19921875,25095.3984375,1,0,Fail,0.047001583677988276,25120.669921875,25150.297265625,17.818491817565686,16.921595982142858
2025-07-17 09:35:00+00:00,25119.0,25117.400390625,1,0,Fail,0.006368125223934073,25116.780078125,25147.922265625,26.056135155416627,17.664341517857142
2025-07-17 09:40:00+00:00,25120.599609375,25113.150390625,0,0,Success,-0.02965382540956528,25116.45,25145.64228515625,29.38942444524696,17.692940848214285
2025-07-17 09:45:00+00:00,25113.150390625,25109.19921875,0,0,Success,-0.01573347753484172,25115.119921875,25142.84228515625,26.978680468771543,17.346400669642858
2025-07-17 09:50:00+00:00,25109.19921875,25108.8984375,1,0,Fail,0.0011978926423722631,25113.8296875,25139.859765625,29.03293545761295,16.524972098214285
2025-07-17 09:55:00+00:00,25109.5,25086.19921875,0,0,Success,-0.09279667556104264,25114.28984375,25137.159765625,31.981663598654464,16.032087053571427
2025-07-18 03:45:00+00:00,25086.19921875,25080.80078125,0,0,Success,-0.021519551259742385,25107.7296875,25132.497265625,23.01052628907864,19.3212890625
2025-07-18 03:50:00+00:00,25080.80078125,25070.5,0,0,Success,-0.04107038423470393,25099.769921875,25127.66484375,25.565411363419116,19.357003348214285
2025-07-18 03:55:00+00:00,25070.5,25063.44921875,1,0,Fail,0.02812381583933308,25091.23984375,25122.8173828125,19.023644988652904,19.499860491071427
2025-07-18 04:00:00+00:00,25077.55078125,25076.19921875,0,0,Success,-0.005389531504849099,25084.91015625,25118.2724609375,18.55279468246583,19.253487723214285
2025-07-18 04:05:00+00:00,25076.19921875,25044.30078125,0,0,Success,-0.12720602999576136,25078.25,25114.282421875,20.001129448558387,19.292829241071427
2025-07-18 04:10:00+00:00,25044.30078125,25032.55078125,0,0,Success,-0.04691686185464164,25069.8703125,25109.17998046875,17.372465643471898,20.028459821428573
2025-07-18 04:15:00+00:00,25032.55078125,25045.050781249996,1,1,Success,0.049934983091546585,25060.2203125,25103.24248046875,16.11753282431806,19.9677734375
2025-07-18 04:20:00+00:00,25045.05078125,25039.0,0,0,Success,-0.024159588666236298,25055.13046875,25098.8025390625,24.2531731877649,20.028459821428573
2025-07-18 04:25:00+00:00,25039.0,25027.19921875,0,0,Success,-0.04712960281960142,25047.4203125,25093.742578125,24.685361301336187,19.474888392857142
2025-07-18 04:30:00+00:00,25027.19921875,25017.0,0,0,Success,-0.040752537512702976,25037.6203125,25087.70751953125,15.924776691487537,19.985630580357142
2025-07-18 04:35:00+00:00,25017.0,25020.80078125,0,1,Fail,-0.0151927939001479,25032.16015625,25081.63505859375,13.852884641166483,19.967633928571427
2025-07-18 04:40:00+00:00,25013.19921875,25068.548828125,0,1,Fail,-0.2212816077261708,25028.28984375,25076.18251953125,14.2147881764553,20.364118303571427
2025-07-18 04:45:00+00:00,24957.849609375,24964.449218749996,1,1,Success,0.026443020846319096,25010.849609375,25068.0849609375,10.390619401703148,24.021344866071427
2025-07-18 04:50:00+00:00,24964.44921875,24976.248046875,0,1,Fail,-0.047262521282217106,24995.939453125,25060.52490234375,13.250663068071262,24.871372767857142
2025-07-18 04:55:00+00:00,24952.650390625,24961.400390625,0,1,Fail,-0.03506641524255666,24981.0296875,25052.7974609375,14.070726698454209,21.853655133928573
2025-07-18 05:00:00+00:00,24943.900390625,24953.5,1,1,Success,0.03848479678265533,24966.409765625,25044.04248046875,13.82147390869585,22.000139508928573
2025-07-18 05:05:00+00:00,24953.5,24942.099609375,0,0,Success,-0.045686539463401926,24954.469921875,25035.6875,18.965517227293518,21.771484375
2025-07-18 05:10:00+00:00,24942.099609375,24943.75,1,1,Success,0.006616887314409036,24951.319921875,25027.1349609375,14.88165769283954,22.160714285714285
2025-07-18 05:15:00+00:00,24943.75,24940.349609375,1,0,Fail,0.013632235028814834,24947.180078125,25018.8625,15.713101149473005,22.182059151785715
2025-07-18 05:20:00+00:00,24947.150390625,24931.05078125,0,0,Success,-0.06453486319243157,24946.080078125,25010.74501953125,20.497977468009935,20.5
2025-07-18 05:25:00+00:00,24931.05078125,24908.65234375,1,0,Fail,0.08984153013255777,24943.51015625,25002.98759765625,19.970414184639893,20.75
2025-07-18 05:30:00+00:00,24953.44921875,24951.8984375,1,0,Fail,0.006214696959948704,24943.5,24996.62001953125,24.398445327864962,21.607142857142858
2025-07-18 05:35:00+00:00,24955.0,24952.599609375,1,0,Fail,0.009618876477659789,24946.080078125,24990.84501953125,25.917215407228568,21.710658482142858
2025-07-18 05:40:00+00:00,24957.400390625,24955.451171875,1,0,Fail,0.007810183430531509,24948.81015625,24984.8375,28.8485895658345,20.853515625
2025-07-18 05:45:00+00:00,24959.349609375,24951.798828125,1,0,Fail,0.030252315738082555,24951.25,24978.99501953125,31.61049152992537,20.253627232142858
2025-07-18 05:50:00+00:00,24966.900390625,24962.25,1,0,Fail,0.018626223328652398,24958.419921875,24975.125,35.576513507147865,20.246512276785715
2025-07-18 05:55:00+00:00,24971.55078125,24984.30078125,0,1,Fail,-0.05105810252510787,24962.040234375,24972.075,56.23921582383928,16.885881696428573
2025-07-18 06:00:00+00:00,24958.80078125,24965.951171875,0,1,Fail,-0.02864877478557241,24962.800390625,24967.7625,47.56426231497142,16.035853794642858
2025-07-18 06:05:00+00:00,24951.650390625,24981.5,0,1,Fail,-0.11962979966333327,24961.650390625,24963.39501953125,49.55076679268945,15.464285714285714
2025-07-18 06:10:00+00:00,24921.80078125,24947.94921875,1,1,Success,0.10492194255750918,24954.140625,24958.12509765625,41.65425064559476,16.25
2025-07-18 06:15:00+00:00,24947.94921875,24959.099609375,1,1,Success,0.04469461809157347,24950.350390625,24954.67255859375,48.13668664012958,16.757114955357142
2025-07-18 06:20:00+00:00,24959.099609375,24967.298828125004,0,1,Fail,-0.032850619126181355,24947.86015625,24951.967578125,55.71623710833872,16.764369419642858
2025-07-18 06:25:00+00:00,24950.900390625,24961.80078125,0,1,Fail,-0.04368736379988792,24946.280078125,24951.6201171875,52.30289224968772,16.521484375
2025-07-18 06:30:00+00:00,24940.0,24943.150390625,1,1,Success,0.012631879009623094,24943.95,24950.39765625,47.80323300458992,16.828543526785715
2025-07-18 06:35:00+00:00,24943.150390625,24952.701171875,0,1,Fail,-0.03829019630812035,24948.219921875,24949.92265625,54.03861945221471,15.910714285714286
2025-07-18 06:40:00+00:00,24933.599609375,24945.048828125,0,1,Fail,-0.04591883614628635,24945.35,24949.4076171875,42.75303408399239,14.657087053571429
2025-07-18 06:45:00+00:00,24922.150390625,24911.25,1,0,Fail,0.04373776120498982,24937.96015625,24947.84013671875,38.8152206793425,15.360770089285714
2025-07-18 06:50:00+00:00,24933.05078125,24939.650390624996,1,1,Success,0.02646932151585316,24934.390234375,24947.3876953125,42.16296404251698,15.596540178571429
2025-07-18 06:55:00+00:00,24939.650390625,24941.650390625,0,1,Fail,-0.008019358606373308,24934.3203125,24947.18271484375,43.843994102261505,15.978655133928571
2025-07-18 07:00:00+00:00,24937.650390625,24946.349609375,1,1,Success,0.034883874838787396,24933.2203125,24946.70771484375,40.5308682199189,15.589285714285714
2025-07-18 07:05:00+00:00,24946.349609375,24956.099609375,0,1,Fail,-0.03908387460558913,24935.7703125,24947.47265625,42.050005508075756,15.935546875
2025-07-18 07:10:00+00:00,24936.599609375,24941.94921875,1,1,Success,0.021452842243129235,24938.66015625,24946.63017578125,42.86126982261765,15.928431919642858
2025-07-18 07:15:00+00:00,24941.94921875,24951.148437500004,0,1,Fail,-0.03688251735788367,24940.43984375,24945.97763671875,46.84406486780549,15.885602678571429
2025-07-18 07:20:00+00:00,24932.75,24952.19921875,1,1,Success,0.07800671305812637,24939.059765625,24944.7451171875,54.11479735938125,14.428431919642858
2025-07-18 07:25:00+00:00,24952.19921875,24954.25,1,1,Success,0.008218839678303657,24941.96953125,24944.38759765625,51.68186731017844,14.053431919642858
2025-07-18 07:30:00+00:00,24954.25,24962.599609375,0,1,Fail,-0.03345966869370949,24943.549609375,24943.755078125,47.93190179347739,15.87109375
2025-07-18 07:35:00+00:00,24945.900390625,24949.900390625004,1,1,Success,0.016034698837742705,24945.409765625,24942.47255859375,47.87049970999937,15.988978794642858
2025-07-18 07:40:00+00:00,24949.900390625,24959.300781249996,0,1,Fail,-0.03767706675306898,24947.0,24942.0275390625,54.47989387706374,15.624720982142858
2025-07-18 07:45:00+00:00,24940.5,24943.250000000004,1,1,Success,0.011026242457047775,24948.55,24941.47001953125,48.86491002086765,15.9638671875
2025-07-18 07:50:00+00:00,24943.25,24945.900390624996,1,1,Success,0.0106256827999559,24946.76015625,24942.54248046875,54.38864505536073,15.831752232142858
2025-07-18 07:55:00+00:00,24945.900390625,24956.349609374996,1,1,Success,0.041887518936486075,24945.090234375,24942.4400390625,61.74017138283897,15.092354910714286
2025-07-18 08:00:00+00:00,24956.349609375,24960.94921875,1,1,Success,0.018430617646388998,24947.180078125,24942.3025390625,61.568749065825244,15.092215401785714
2025-07-18 08:05:00+00:00,24960.94921875,24968.999999999996,1,1,Success,0.032253505984269494,24949.38984375,24942.80498046875,60.78997873948855,14.813616071428571
2025-07-18 08:10:00+00:00,24969.0,24980.80078125,0,1,Fail,-0.047261729544635346,24955.08984375,24944.25498046875,64.96429295264603,15.167271205357142
2025-07-18 08:15:00+00:00,24957.19921875,24963.44921875,0,1,Fail,-0.025042874183191444,24957.8796875,24944.957421875,55.02997149632285,15.324497767857142
2025-07-18 08:20:00+00:00,24950.94921875,24960.400390625,1,1,Success,0.037879007296033794,24958.889453125,24945.82490234375,56.875736910609746,14.928013392857142
2025-07-18 08:25:00+00:00,24960.400390625,24966.5,1,1,Success,0.024437145556731463,24959.699609375,24947.73740234375,58.506672354102356,17.428013392857142
2025-07-18 08:30:00+00:00,24966.5,24967.400390625,0,1,Fail,-0.0036063950693929867,24960.809765625,24949.40986328125,66.0177974651065,17.463727678571427
2025-07-18 08:35:00+00:00,24965.599609375,24970.099609375,1,1,Success,0.01802480240975336,24960.1296875,24950.70732421875,57.71887577037353,16.628069196428573
2025-07-18 08:40:00+00:00,24970.099609375,24972.94921875,0,1,Fail,-0.011412086533808288,24962.709765625,24952.32978515625,58.87913858195381,14.274693080357142
2025-07-18 08:45:00+00:00,24967.25,24974.349609375,1,1,Success,0.02843568825160961,24965.969921875,24953.3748046875,62.74573810084619,14.196149553571429
2025-07-18 08:50:00+00:00,24974.349609375,24986.699218749996,1,1,Success,0.04944917312426882,24968.759765625,24955.2623046875,64.07528999296309,14.349609375
2025-07-18 08:55:00+00:00,24986.69921875,25005.050781250004,1,1,Success,0.07344532520817716,24972.799609375,24957.4998046875,75.72317183375011,14.749720982142858
2025-07-18 09:00:00+00:00,25005.05078125,25031.501953125,0,1,Fail,-0.10578331596444657,24980.68984375,24961.11484375,79.31660664704788,15.482003348214286
2025-07-18 09:05:00+00:00,24978.599609375,24993.548828125,0,1,Fail,-0.059848105913788856,24982.38984375,24962.43486328125,62.65419028160823,16.814174107142858
2025-07-18 09:10:00+00:00,24963.650390625,24964.749999999996,1,1,Success,0.004404842071546371,24981.669921875,24962.9048828125,52.73022081658727,17.178571428571427
2025-07-18 09:15:00+00:00,24964.75,24969.800781249996,1,1,Success,0.020231651628796605,24979.75,24963.84736328125,51.45955832700376,17.878627232142858
2025-07-18 09:20:00+00:00,24969.80078125,24973.150390625,1,1,Success,0.013414641968290134,24976.3703125,24964.8423828125,50.314764715536135,17.892857142857142
2025-07-18 09:25:00+00:00,24973.150390625,24980.5,0,1,Fail,-0.029430044908387153,24969.990234375,24966.47490234375,56.71617236451021,17.325055803571427
2025-07-18 09:30:00+00:00,24965.80078125,24968.44921875,1,1,Success,0.010608261770593992,24967.43046875,24967.60244140625,56.19581507026733,17.935825892857142
2025-07-18 09:35:00+00:00,24968.44921875,24970.69921875,1,1,Success,0.009011372633869339,24968.390234375,24968.7298828125,53.55989005305415,15.468052455357142
2025-07-18 09:40:00+00:00,24970.69921875,24976.09765625,0,1,Fail,-0.021619088247022016,24969.580078125,24969.44736328125,51.922732897123566,15.253766741071429
2025-07-18 09:45:00+00:00,24965.30078125,24973.19921875,1,1,Success,0.03163766208629884,24968.680078125,24969.66494140625,49.86858599325614,15.128766741071429
2025-07-18 09:50:00+00:00,24973.19921875,24980.84765625,0,1,Fail,-0.03062658265368546,24968.68984375,24969.87490234375,51.323536709107614,15.353655133928571
2025-07-18 09:55:00+00:00,24965.55078125,24974.652343749996,0,1,Fail,-0.03645648589830267,24968.63984375,24970.29248046875,49.30299625806699,15.460797991071429
2025-07-21 03:45:00+00:00,24956.44921875,24987.498046875,0,1,Fail,-0.12441204216532833,24966.23984375,24970.56748046875,42.77606994457021,20.3037109375
2025-07-21 03:50:00+00:00,24925.400390625,24901.55078125,0,0,Success,-0.09568395693242453,24957.180078125,24968.81748046875,28.50607456555609,22.132393973214285
2025-07-21 03:55:00+00:00,24901.55078125,24911.951171875,0,1,Fail,-0.04176603584396491,24944.430078125,24965.57001953125,15.055918956013812,22.875139508928573
2025-07-21 04:00:00+00:00,24891.150390625,24872.951171875,1,0,Fail,0.07311521751463344,24928.0203125,24961.84755859375,16.88607518252236,23.282366071428573
2025-07-21 04:05:00+00:00,24909.349609375,24880.0,1,0,Fail,0.1178256752394444,24916.780078125,24958.81005859375,29.932149528720416,23.675223214285715
2025-07-21 04:10:00+00:00,24938.69921875,24996.400390624996,1,1,Success,0.23137201892076933,24913.230078125,24957.38251953125,42.035493311998664,24.910853794642858
2025-07-21 04:15:00+00:00,24996.400390625,25025.199218750004,1,1,Success,0.1152119012135888,24927.430078125,24958.48505859375,56.151809957223605,28.778738839285715
2025-07-21 04:20:00+00:00,25025.19921875,25035.25,1,1,Success,0.04016264231163245,24952.159765625,24960.41005859375,60.76979652317732,30.085797991071427
2025-07-21 04:25:00+00:00,25035.25,25039.949218749996,1,1,Success,0.018770408723699582,24980.9796875,24961.92001953125,64.21137609826488,30.467912946428573
2025-07-21 04:30:00+00:00,25039.94921875,25055.800781250004,1,1,Success,0.06330509044375496,25007.099609375,24964.9875,64.50925056182109,31.050083705357142
2025-07-21 04:35:00+00:00,25055.80078125,25059.050781250004,0,1,Fail,-0.012971048215038776,25030.519921875,24969.59501953125,66.3659309427943,32.04296875
2025-07-21 04:40:00+00:00,25052.55078125,25052.80078125,1,1,Success,0.000997902378016959,25041.75,24973.98505859375,66.9189049614693,33.10365513392857
2025-07-21 04:45:00+00:00,25052.80078125,25068.951171875,0,1,Fail,-0.0644654095405064,25047.2703125,24978.13505859375,65.90763606560195,33.2822265625
2025-07-21 04:50:00+00:00,25036.650390625,25044.449218750004,1,1,Success,0.03114964663132525,25047.550390625,24981.31005859375,63.74164807240948,33.45717075892857
2025-07-21 04:55:00+00:00,25044.44921875,25031.048828125,1,0,Fail,0.05350642973999822,25048.450390625,24985.24248046875,67.09412082428365,28.996512276785715
2025-07-21 05:00:00+00:00,25057.849609375,25051.599609375,0,0,Success,-0.02494228394467521,25048.86015625,24989.7125,77.62236048647704,27.217912946428573
2025-07-21 05:05:00+00:00,25051.599609375,25051.400390625,0,0,Success,-0.0007952336501715716,25048.669921875,24993.75751953125,83.77190277907906,25.925083705357142
2025-07-21 05:10:00+00:00,25051.400390625,25050.80078125,1,0,Fail,0.002393516392897509,25048.38984375,24998.0625,87.80386658163825,24.575055803571427
2025-07-21 05:15:00+00:00,25052.0,25049.75,0,0,Success,-0.0089813188567779,25051.459765625,25002.0025390625,86.69942811847795,23.6357421875
2025-07-21 05:20:00+00:00,25049.75,25039.30078125,1,0,Fail,0.04171386440982445,25052.519921875,25006.2125,83.19903767325641,22.250139508928573
2025-07-21 05:25:00+00:00,25060.19921875,25056.44921875,1,0,Fail,0.014963967234523243,25052.98984375,25011.4,76.58327763327057,18.8251953125
2025-07-21 05:30:00+00:00,25063.94921875,25052.94921875,1,0,Fail,0.043887736541418816,25055.459765625,25018.32744140625,70.40564436074636,17.789481026785715
2025-07-21 05:35:00+00:00,25074.94921875,25065.69921875,0,0,Success,-0.03688940671147296,25060.16953125,25026.99736328125,70.69857423487426,17.364536830357142
2025-07-21 05:40:00+00:00,25065.69921875,25061.30078125,0,0,Success,-0.017547635362630612,25062.909375,25035.7248046875,62.817421650733955,17.125139508928573
2025-07-21 05:45:00+00:00,25061.30078125,25056.19921875,0,0,Success,-0.020356335628902444,25065.21953125,25043.32236328125,53.09002317944316,16.185965401785715
2025-07-21 05:50:00+00:00,25056.19921875,25053.55078125,0,0,Success,-0.010569988995051282,25064.41953125,25049.19736328125,52.00799751197633,15.271763392857142
2025-07-21 05:55:00+00:00,25053.55078125,25064.55078125,1,1,Success,0.04390595207858666,25062.33984375,25052.0548828125,50.402161543026544,14.814592633928571
2025-07-21 06:00:00+00:00,25064.55078125,25085.701171875,0,1,Fail,-0.08438368119815631,25060.26015625,25054.0224609375,65.83527314667836,14.507533482142858
2025-07-21 06:05:00+00:00,25043.400390625,25019.099609375,0,0,Success,-0.09703467129446607,25055.800390625,25054.42998046875,49.48306725810157,15.043247767857142
2025-07-21 06:10:00+00:00,25019.099609375,25015.0,0,0,Success,-0.016385918913979704,25047.36015625,25053.3875,32.7544243533285,16.871791294642858
2025-07-21 06:15:00+00:00,25015.0,25004.69921875,1,0,Fail,0.04117841794923046,25039.1203125,25051.3474609375,33.39359454115218,17.310965401785715
2025-07-21 06:20:00+00:00,25025.30078125,25007.8515625,1,0,Fail,0.06972630979553973,25033.4703125,25049.9849609375,39.152176338115886,17.360909598214285
2025-07-21 06:25:00+00:00,25042.75,25051.900390625,0,1,Fail,-0.03653908067205079,25029.11015625,25049.482421875,46.62774133662381,17.760881696428573
2025-07-21 06:30:00+00:00,25033.599609375,25038.69921875,1,1,Success,0.020371059114847444,25027.15,25049.3298828125,44.39412629747711,17.635881696428573
2025-07-21 06:35:00+00:00,25038.69921875,25044.750000000004,1,1,Success,0.024165717224914497,25031.069921875,25049.0423828125,42.24941556554429,16.775111607142858
2025-07-21 06:40:00+00:00,25044.75,25050.849609375,0,1,Fail,-0.024354842332225318,25037.019921875,25048.38740234375,43.19176635782378,16.328683035714285
2025-07-21 06:45:00+00:00,25038.650390625,25032.701171875,1,0,Fail,0.02376014145006599,25039.68984375,25047.73994140625,36.66460969493106,16.278599330357142
2025-07-21 06:50:00+00:00,25044.599609375,25060.19921875,0,1,Fail,-0.06228731789810912,25040.059765625,25047.39990234375,42.05579981741415,16.017996651785715
2025-07-21 06:55:00+00:00,25029.0,25016.400390625,1,0,Fail,0.05034004305006193,25039.13984375,25046.24990234375,38.784450917154004,16.846400669642858
2025-07-21 07:00:00+00:00,25041.599609375,25041.3984375,1,0,Fail,0.0008033507369261102,25039.719921875,25045.8423828125,45.181584910611264,18.539202008928573
2025-07-21 07:05:00+00:00,25041.80078125,25045.80078125,1,1,Success,0.015973292156349204,25039.130078125,25044.9224609375,46.05839029140832,18.242745535714285
2025-07-21 07:10:00+00:00,25045.80078125,25054.69921875,1,1,Success,0.03552866038390605,25040.56015625,25044.0150390625,43.400247447945425,17.899972098214285
2025-07-21 07:15:00+00:00,25054.69921875,25062.048828125,0,1,Fail,-0.029334255066609728,25042.580078125,25043.0025390625,54.3524383602031,16.953404017857142
2025-07-21 07:20:00+00:00,25047.349609375,25054.94921875,0,1,Fail,-0.030340972172782442,25046.25,25042.08505859375,62.51687485753731,14.571149553571429
2025-07-21 07:25:00+00:00,25039.75,25049.05078125,1,1,Success,0.03714406593516309,25045.880078125,25041.00751953125,60.636226215437226,13.924944196428571
2025-07-21 07:30:00+00:00,25049.05078125,25056.69921875,1,1,Success,0.030533841648503087,25047.330078125,25040.65009765625,60.29496419922885,13.632114955357142
2025-07-21 07:35:00+00:00,25056.69921875,25047.94921875,0,0,Success,-0.03492080071525283,25049.509765625,25040.80751953125,56.60806802261905,13.078543526785714
2025-07-21 07:40:00+00:00,25047.94921875,25048.80078125,1,1,Success,0.0033997294252040033,25048.159765625,25039.97744140625,56.82362767580352,13.296316964285714
2025-07-21 07:45:00+00:00,25048.80078125,25056.30078125,0,1,Fail,-0.02994155315257264,25048.45,25040.2474609375,55.00580712460673,13.635602678571429
2025-07-21 07:50:00+00:00,25041.30078125,25044.400390625004,1,1,Success,0.012377988675895275,25048.76015625,25041.35751953125,48.314949744986535,13.639090401785714
2025-07-21 07:55:00+00:00,25044.400390625,25050.849609374996,1,1,Success,0.02575114057198259,25047.830078125,25042.8275390625,52.893877957939814,13.107003348214286
2025-07-21 08:00:00+00:00,25050.849609375,25055.749999999996,0,1,Fail,-0.019561774157017348,25046.66015625,25044.10498046875,53.12976793145139,12.967633928571429
2025-07-21 08:05:00+00:00,25045.94921875,25050.048828125,0,1,Fail,-0.016368352978736116,25046.26015625,25044.26494140625,59.50617815560856,12.092633928571429
2025-07-21 08:10:00+00:00,25041.849609375,25050.94921875,0,1,Fail,-0.03633760891045903,25044.869921875,25044.67744140625,50.154993616315274,10.453404017857142
2025-07-21 08:15:00+00:00,25032.75,25043.80078125,0,1,Fail,-0.04414529466399017,25043.159765625,25044.37998046875,44.946344372235345,11.214285714285714
2025-07-21 08:20:00+00:00,25021.69921875,25031.048828125,0,1,Fail,-0.03736600497536904,25038.61953125,25043.22744140625,37.52476843605129,11.728515625
2025-07-21 08:25:00+00:00,25012.349609375,25002.19921875,1,0,Fail,0.04058151586524875,25030.91953125,25041.91240234375,28.181287568273973,13.6572265625
2025-07-21 08:30:00+00:00,25022.5,25017.650390625,1,0,Fail,0.01938099460485563,25026.2296875,25040.807421875,37.55648137448803,14.0751953125
2025-07-21 08:35:00+00:00,25027.349609375,25029.798828125,0,1,Fail,-0.009786169083931071,25023.3296875,25040.72490234375,43.61460317557488,14.035714285714286
2025-07-21 08:40:00+00:00,25024.900390625,25020.451171875,1,0,Fail,0.017779166672195014,25021.759765625,25039.88994140625,36.61999258499965,14.146344866071429
2025-07-21 08:45:00+00:00,25029.349609375,25020.8984375,1,0,Fail,0.033765047861389605,25023.28984375,25039.2673828125,34.29065039695857,13.992885044642858
2025-07-21 08:50:00+00:00,25037.80078125,25042.851562500004,0,1,Fail,-0.020172623363080542,25028.380078125,25038.8673828125,44.15075641289791,13.628627232142858
2025-07-21 08:55:00+00:00,25032.75,25037.650390625,0,1,Fail,-0.019575918047357962,25030.430078125,25037.769921875,41.1759652331853,13.353655133928571
2025-07-21 09:00:00+00:00,25027.849609375,25039.349609375,0,1,Fail,-0.045948813739444476,25030.530078125,25036.794921875,42.38753171132225,13.332310267857142
2025-07-21 09:05:00+00:00,25016.349609375,25002.0,1,0,Fail,0.05736092435173841,25028.819921875,25035.62490234375,35.50347217084769,14.685825892857142
2025-07-21 09:10:00+00:00,25030.69921875,25033.750000000004,1,1,Success,0.012188158322459968,25029.08984375,25034.70732421875,40.37252005573054,15.232282366071429
2025-07-21 09:15:00+00:00,25033.75,25039.800781250004,1,1,Success,0.024170494831976832,25028.2796875,25033.55986328125,44.06657287763249,15.010881696428571
2025-07-21 09:20:00+00:00,25039.80078125,25050.44921875,1,1,Success,0.04252604720391239,25029.68984375,25033.15244140625,49.02205724994125,15.118024553571429
2025-07-21 09:25:00+00:00,25050.44921875,25081.80078125,1,1,Success,0.1251536937570512,25034.209765625,25033.23486328125,58.325065149363525,14.971400669642858
2025-07-21 09:30:00+00:00,25081.80078125,25076.5,0,0,Success,-0.021133973976711514,25047.3,25035.25986328125,73.73650099837346,16.117885044642858
2025-07-21 09:35:00+00:00,25076.5,25064.900390625,1,0,Fail,0.04625689141227843,25056.46015625,25036.86484375,76.17256593207564,14.450055803571429
2025-07-21 09:40:00+00:00,25088.099609375,25081.44921875,1,0,Fail,0.02650814819993325,25067.330078125,25038.72734375,76.45103867630597,14.3857421875
2025-07-21 09:45:00+00:00,25094.75,25090.55078125,1,0,Fail,0.016733455204773907,25078.319921875,25041.1673828125,76.78812616627326,14.525111607142858
2025-07-21 09:50:00+00:00,25098.94921875,25104.597656250004,0,1,Fail,-0.022504677190949385,25088.019921875,25044.02236328125,79.0267504913005,14.800223214285714
2025-07-21 09:55:00+00:00,25093.30078125,25054.8515625,1,0,Fail,0.15322503438339885,25090.319921875,25047.04990234375,74.83502972703425,15.414481026785714
2025-07-22 03:45:00+00:00,25131.75,25139.55078125,1,1,Success,0.03103954658947347,25101.369921875,25052.55244140625,79.59030504792037,20.121512276785715
2025-07-22 03:50:00+00:00,25139.55078125,25124.0,0,0,Success,-0.06185783264511768,25111.66015625,25058.9125,83.06525728093413,21.192940848214285
2025-07-22 03:55:00+00:00,25124.0,25128.94921875,0,1,Fail,-0.01969916713103009,25117.51015625,25063.9875,77.92627715154406,22.389369419642858
2025-07-22 04:00:00+00:00,25119.05078125,25130.001953125,0,1,Fail,-0.04359707685759548,25121.53046875,25068.57255859375,81.00888100998128,22.296456473214285
2025-07-22 04:05:00+00:00,25108.099609375,25109.199218750004,1,1,Success,0.004379500607801563,25124.490234375,25072.73251953125,73.85938076879069,22.553571428571427
2025-07-22 04:10:00+00:00,25109.19921875,25100.498046875,1,0,Fail,0.034653322868626185,25119.980078125,25076.725,73.54109782966768,23.610770089285715
2025-07-22 04:15:00+00:00,25117.900390625,25113.75,0,0,Success,-0.016523636770807048,25115.65,25080.72998046875,73.97158437381113,24.574916294642858
2025-07-22 04:20:00+00:00,25113.75,25097.55078125,0,0,Success,-0.06450338460006969,25113.6,25084.77998046875,70.23651933072063,24.585797991071427
2025-07-22 04:25:00+00:00,25097.55078125,25099.65234375,0,1,Fail,-0.00837357604459972,25109.3,25088.2650390625,55.57522118385465,24.057198660714285
2025-07-22 04:30:00+00:00,25095.44921875,25098.199218750004,0,1,Fail,-0.010958162079622566,25106.769921875,25092.22001953125,56.86313341337329,23.946428571428573
2025-07-22 04:35:00+00:00,25092.69921875,25111.05078125,1,1,Success,0.07313506745534644,25103.469921875,25095.32001953125,51.78001838654606,23.889229910714285
2025-07-22 04:40:00+00:00,25111.05078125,25118.749999999996,1,1,Success,0.0306606793043837,25102.1,25099.18505859375,55.784425106059885,24.396344866071427
2025-07-22 04:45:00+00:00,25118.75,25119.949218749996,1,1,Success,0.004774197561582483,25103.1,25103.13251953125,56.85611485817829,24.407087053571427
2025-07-22 04:50:00+00:00,25119.94921875,25137.8984375,0,1,Fail,-0.07145404074544214,25107.5796875,25106.60751953125,59.520486710583505,23.828543526785715
2025-07-22 04:55:00+00:00,25102.0,25097.80078125,0,0,Success,-0.016728622221336944,25108.88984375,25107.61748046875,37.54741656815895,19.767996651785715
2025-07-22 05:00:00+00:00,25097.80078125,25095.0,0,0,Success,-0.011159468809284678,25109.91015625,25108.68251953125,31.98125291165256,18.721540178571427
2025-07-22 05:05:00+00:00,25095.0,25087.849609375,0,0,Success,-0.0284932880055788,25106.7,25109.0275390625,35.93619757187416,17.800223214285715
2025-07-22 05:10:00+00:00,25087.849609375,25079.3984375,1,0,Fail,0.03368631431783579,25100.519921875,25108.68251953125,35.185013400314176,16.6787109375
2025-07-22 05:15:00+00:00,25096.30078125,25092.05078125,0,0,Success,-0.01693476674927035,25095.790234375,25108.55009765625,44.26142294722792,16.864536830357142
2025-07-22 05:20:00+00:00,25092.05078125,25098.251953125,0,1,Fail,-0.02471369091773805,25093.800390625,25108.48759765625,41.907535706313006,16.360909598214285
2025-07-22 05:25:00+00:00,25085.849609375,25078.25,0,0,Success,-0.03029440697978154,25091.41015625,25106.192578125,34.5095151322753,15.325334821428571
2025-07-22 05:30:00+00:00,25078.25,25056.05078125,0,0,Success,-0.088519808000957,25088.06015625,25103.1275390625,33.39606090558283,15.164620535714286
2025-07-22 05:35:00+00:00,25056.05078125,25040.1015625,1,0,Fail,0.0636541603832283,25081.700390625,25099.730078125,31.62128494850684,15.021763392857142
2025-07-22 05:40:00+00:00,25072.0,25095.25,0,1,Fail,-0.09273292916400766,25076.840234375,25097.3775390625,40.74981504374774,15.228934151785714
2025-07-22 05:45:00+00:00,25048.75,25038.849609375,1,0,Fail,0.039524489744997254,25068.180078125,25094.41005859375,35.07666592590334,15.850306919642858
2025-07-22 05:50:00+00:00,25058.650390625,25056.8515625,1,0,Fail,0.0071784716932440295,25062.740234375,25091.8826171875,31.123619190446206,15.596819196428571
2025-07-22 05:55:00+00:00,25060.44921875,25056.05078125,0,0,Success,-0.017551311477326307,25059.180078125,25089.01005859375,28.06566336470891,14.914620535714286
2025-07-22 06:00:00+00:00,25056.05078125,25055.44921875,0,0,Success,-0.002400867180753651,25059.180078125,25086.12509765625,26.52478399154306,15.200334821428571
2025-07-22 06:05:00+00:00,25055.44921875,25047.998046875,1,0,Fail,0.029738727930784765,25055.869921875,25084.02001953125,30.39967101679197,14.236049107142858
2025-07-22 06:10:00+00:00,25062.900390625,25055.150390625,1,0,Fail,0.030922199263493686,25058.7,25082.392578125,35.69679016155054,14.3896484375
2025-07-22 06:15:00+00:00,25070.650390625,25073.351562500004,0,1,Fail,-0.010774239331302251,25061.1,25081.29013671875,40.40985241470518,14.264508928571429
2025-07-22 06:20:00+00:00,25067.94921875,25085.349609375,1,1,Success,0.06941290040585005,25062.6,25079.13505859375,41.87752103758261,15.943219866071429
2025-07-22 06:25:00+00:00,25085.349609375,25079.30078125,0,0,Success,-0.024112991125064518,25068.459765625,25077.4650390625,45.8345095569972,15.664620535714286
2025-07-22 06:30:00+00:00,25079.30078125,25074.849609375,0,0,Success,-0.017748389055279496,25073.230078125,25075.4326171875,45.21575980239996,15.261021205357142
2025-07-22 06:35:00+00:00,25074.849609375,25074.599609375,1,0,Fail,0.0009970149528096466,25075.619921875,25074.07509765625,45.8174904455175,15.314592633928571
2025-07-22 06:40:00+00:00,25075.099609375,25065.75,1,0,Fail,0.03728642964793806,25076.509765625,25072.9400390625,48.73121995605988,15.114536830357142
2025-07-22 06:45:00+00:00,25084.44921875,25100.150390625,1,1,Success,0.06259324945936531,25079.809765625,25072.4125,62.757519311787824,14.532366071428571
2025-07-22 06:50:00+00:00,25100.150390625,25100.701171875004,0,1,Fail,-0.0021943344618593156,25082.769921875,25073.0275390625,62.674334678898745,14.796595982142858
2025-07-22 06:55:00+00:00,25099.599609375,25088.3984375,1,0,Fail,0.04462689464901356,25086.8296875,25073.19248046875,78.7762228784694,13.7216796875
2025-07-22 07:00:00+00:00,25110.80078125,25106.55078125,0,0,Success,-0.016924987924612243,25094.019921875,25074.12998046875,79.08415559617558,13.578683035714286
2025-07-22 07:05:00+00:00,25106.55078125,25102.8515625,1,0,Fail,0.014734077899552174,25100.31015625,25075.1650390625,75.02650652322194,13.79296875
2025-07-22 07:10:00+00:00,25110.25,25109.650390625,0,0,Success,-0.0023879068308758377,25105.4703125,25076.7650390625,79.64743577544598,13.825055803571429
2025-07-22 07:15:00+00:00,25109.650390625,25107.80078125,0,0,Success,-0.007366129540738547,25107.3703125,25079.44501953125,79.64913768009465,14.0107421875
2025-07-22 07:20:00+00:00,25107.80078125,25100.05078125,1,0,Fail,0.030866900958476395,25109.010546875,25081.23505859375,76.1648948246227,13.853655133928571
2025-07-22 07:25:00+00:00,25115.55078125,25113.69921875,0,0,Success,-0.007372175574115949,25109.960546875,25084.57509765625,76.1648948246227,13.785853794642858
2025-07-22 07:30:00+00:00,25113.69921875,25128.09765625,0,1,Fail,-0.05733300130173599,25111.390234375,25087.3275390625,76.9266138147393,11.835797991071429
2025-07-22 07:35:00+00:00,25099.30078125,25106.402343750004,0,1,Fail,-0.02829386588053919,25109.200390625,25089.2701171875,58.511880545434074,12.928571428571429
2025-07-22 07:40:00+00:00,25092.19921875,25096.847656250004,0,1,Fail,-0.01852542879751442,25105.71015625,25091.0775390625,57.76977730385106,13.253627232142858
2025-07-22 07:45:00+00:00,25087.55078125,25093.050781250004,1,1,Success,0.02192322418380755,25101.66015625,25092.6826171875,57.63280818490764,13.089285714285714
2025-07-22 07:50:00+00:00,25093.05078125,25105.001953125004,0,1,Fail,-0.04762741676643854,25097.16015625,25094.19013671875,60.14750360343204,13.364397321428571
2025-07-22 07:55:00+00:00,25081.099609375,25083.949218750004,1,1,Success,0.011361580709702423,25090.640234375,25094.71259765625,48.160621131895724,13.4287109375
2025-07-22 08:00:00+00:00,25083.94921875,25079.599609375,0,0,Success,-0.01734020961798436,25087.569921875,25095.51259765625,39.64134961308994,12.785853794642858
2025-07-22 08:05:00+00:00,25079.599609375,25078.94921875,1,0,Fail,0.002593305455948657,25085.05,25095.22509765625,37.804877984235574,12.775111607142858
2025-07-22 08:10:00+00:00,25080.25,25078.44921875,0,0,Success,-0.007180076952980931,25083.58984375,25095.27255859375,28.620633042164798,12.300223214285714
2025-07-22 08:15:00+00:00,25078.44921875,25073.34765625,1,0,Fail,0.020342416133872412,25080.66953125,25095.4525390625,29.63654885291136,12.146623883928571
2025-07-22 08:20:00+00:00,25083.55078125,25078.30078125,1,0,Fail,0.020930051115109205,25081.159765625,25095.87509765625,31.038117898662478,12.000279017857142
2025-07-22 08:25:00+00:00,25088.80078125,25079.15234375,1,0,Fail,0.03845714900494852,25082.130078125,25096.09267578125,36.11002673671203,12.968191964285714
2025-07-22 08:30:00+00:00,25098.44921875,25105.349609375004,1,1,Success,0.02749329476438332,25085.9,25096.0076171875,44.35643556861222,13.428850446428571
2025-07-22 08:35:00+00:00,25105.349609375,25124.250000000004,0,1,Fail,-0.07528431557050333,25090.919921875,25096.2951171875,43.77992132575575,13.428850446428571
2025-07-22 08:40:00+00:00,25086.44921875,25084.80078125,0,0,Success,-0.006571027591931712,25092.519921875,25095.0775390625,36.24442949485348,14.468191964285714
2025-07-22 08:45:00+00:00,25084.80078125,25102.001953125,0,1,Fail,-0.06857208883180474,25092.769921875,25093.9900390625,41.59914898425232,12.693219866071429
2025-07-22 08:50:00+00:00,25067.599609375,25065.69921875,1,0,Fail,0.0075810634229584355,25088.5296875,25091.85751953125,37.240918154072794,12.993303571428571
2025-07-22 08:55:00+00:00,25069.5,25073.599609375,0,1,Fail,-0.016352976226091467,25082.73984375,25089.85,40.362877937576414,13.096958705357142
2025-07-22 09:00:00+00:00,25065.400390625,25063.0,0,0,Success,-0.009576510199684652,25074.75,25087.72998046875,35.013655653679024,13.050502232142858
2025-07-22 09:05:00+00:00,25063.0,25061.05078125,1,0,Fail,0.007777276263815186,25070.06015625,25085.10244140625,39.05722308765033,14.050502232142858
2025-07-22 09:10:00+00:00,25064.94921875,25054.59765625,1,0,Fail,0.041298956601342106,25066.08984375,25082.66494140625,38.38641892097945,13.775530133928571
2025-07-22 09:15:00+00:00,25075.30078125,25074.599609375,0,0,Success,-0.002796265062249222,25067.630078125,25081.46494140625,47.55199636506446,13.846958705357142
2025-07-22 09:20:00+00:00,25074.599609375,25066.599609375,0,0,Success,-0.031904796585501306,25068.65,25080.5849609375,46.78419769783928,14.000558035714286
2025-07-22 09:25:00+00:00,25066.599609375,25054.0,0,0,Success,-0.0502645335679583,25068.88984375,25079.53740234375,43.700550241253126,14.404157366071429
2025-07-22 09:30:00+00:00,25054.0,25045.44921875,1,0,Fail,0.03412940548415423,25067.08984375,25077.58486328125,35.45024421008053,14.979073660714286
2025-07-22 09:35:00+00:00,25062.55078125,25058.5,0,0,Success,-0.016162685455905407,25066.61015625,25076.657421875,37.48230380212481,14.339704241071429
2025-07-22 09:40:00+00:00,25058.5,25052.349609375,1,0,Fail,0.024544129237584054,25063.25,25075.3849609375,29.875241014178883,13.957589285714286
2025-07-22 09:45:00+00:00,25064.650390625,25062.30078125,1,0,Fail,0.009374195683490686,25061.26015625,25074.6375,29.341317323567722,13.979073660714286
2025-07-22 09:50:00+00:00,25067.0,25064.900390625,0,0,Success,-0.008375989847209478,25061.340234375,25073.975,38.13393701779217,13.289760044642858
2025-07-22 09:55:00+00:00,25064.900390625,24997.201171875,1,0,Fail,0.2700957023364891,25063.5203125,25073.29755859375,37.92514984905608,13.575474330357142
2025-07-23 03:45:00+00:00,25132.599609375,25123.650390625,0,0,Success,-0.03560801066779319,25077.530078125,25075.75,74.45404571412183,18.096819196428573
2025-07-23 03:50:00+00:00,25123.650390625,25113.75,0,0,Success,-0.039406656560920676,25090.56015625,25077.49248046875,69.3461725633838,19.157366071428573
2025-07-23 03:55:00+00:00,25113.75,25114.30078125,1,1,Success,0.002193146184858892,25100.380078125,25078.25751953125,66.5862645926579,19.946568080357142
2025-07-23 04:00:00+00:00,25114.30078125,25111.400390625,0,0,Success,-0.011548761202881638,25109.840234375,25078.705078125,67.82485945788858,19.467912946428573
2025-07-23 04:05:00+00:00,25111.400390625,25125.900390625,0,1,Fail,-0.05774269763709944,25119.140234375,25079.95263671875,66.03384339333505,20.2607421875
2025-07-23 04:10:00+00:00,25096.900390625,25098.400390624996,1,1,Success,0.005976833699193898,25112.000390625,25080.5576171875,57.248096001998405,20.800083705357142
2025-07-23 04:15:00+00:00,25098.400390625,25106.55078125,1,1,Success,0.03247374533097501,25106.950390625,25082.09765625,57.94414451284993,21.299944196428573
2025-07-23 04:20:00+00:00,25106.55078125,25116.900390625004,1,1,Success,0.0412227448731399,25105.510546875,25083.9501953125,63.32139362372026,21.671456473214285
2025-07-23 04:25:00+00:00,25116.900390625,25094.900390625,0,0,Success,-0.08759042580035713,25106.03046875,25086.5251953125,71.29312503986498,21.6572265625
2025-07-23 04:30:00+00:00,25094.900390625,25095.599609375,1,1,Success,0.0027862981686160248,25102.73046875,25088.12021484375,60.03708681109384,22.4072265625
2025-07-23 04:35:00+00:00,25095.599609375,25109.300781249996,1,1,Success,0.05459591357953301,25102.4703125,25089.652734375,61.755350037421266,22.528599330357142
2025-07-23 04:40:00+00:00,25109.30078125,25109.449218749996,1,1,Success,0.0005911654063694339,25104.650390625,25091.352734375,63.501813102543025,23.189313616071427
2025-07-23 04:45:00+00:00,25109.44921875,25110.847656249996,0,1,Fail,-0.005569367483201278,25105.230078125,25093.09521484375,63.00938557060154,22.914341517857142
2025-07-23 04:50:00+00:00,25108.05078125,25108.400390625004,1,1,Success,0.0013924194197547134,25103.46015625,25095.1677734375,63.28135326925796,22.985770089285715
2025-07-23 04:55:00+00:00,25108.400390625,25103.0,0,0,Success,-0.02150830216574212,25106.16015625,25097.88779296875,37.276648127500714,17.746512276785715
2025-07-23 05:00:00+00:00,25103.0,25099.44921875,1,0,Fail,0.014144848225311715,25107.640234375,25099.91025390625,38.72165206460931,16.442940848214285
2025-07-23 05:05:00+00:00,25106.55078125,25114.650390625,1,1,Success,0.03226094036401418,25107.090234375,25102.31279296875,45.77506755120909,15.642857142857142
2025-07-23 05:10:00+00:00,25114.650390625,25116.05078125,1,1,Success,0.005575990918522796,25108.13046875,25104.81279296875,50.18847255885801,15.024972098214286
2025-07-23 05:15:00+00:00,25116.05078125,25124.19921875,1,1,Success,0.032443147893629405,25109.73046875,25107.26533203125,52.5482137081989,14.310825892857142
2025-07-23 05:20:00+00:00,25124.19921875,25125.94921875,0,1,Fail,-0.0069653961296962975,25112.890234375,25110.2302734375,66.07771401899255,13.9287109375
2025-07-23 05:25:00+00:00,25122.44921875,25138.900390625,1,1,Success,0.06548394916337122,25116.780078125,25109.72275390625,64.12203223772755,13.675223214285714
2025-07-23 05:30:00+00:00,25138.900390625,25132.849609375,0,0,Success,-0.024069395064934926,25123.25,25110.48525390625,67.30901860539846,13.807338169642858
2025-07-23 05:35:00+00:00,25132.849609375,25137.849609375,0,1,Fail,-0.019894282095791124,25126.88984375,25111.440234375,58.94531583066339,13.289481026785714
2025-07-23 05:40:00+00:00,25127.849609375,25136.900390625,1,1,Success,0.0360189247814633,25129.249609375,25112.11767578125,72.83432579261601,12.089564732142858
2025-07-23 05:45:00+00:00,25136.900390625,25155.951171875,0,1,Fail,-0.07578810813565993,25131.78984375,25113.39267578125,75.65265902992084,12.146623883928571
2025-07-23 05:50:00+00:00,25117.849609375,25125.05078125,1,1,Success,0.028669539737638333,25130.869921875,25114.44013671875,54.97895566054166,13.196428571428571
2025-07-23 05:55:00+00:00,25125.05078125,25126.75,1,1,Success,0.006763046032400743,25128.1,25115.77265625,58.39675389593661,13.403599330357142
2025-07-23 06:00:00+00:00,25126.75,25128.05078125,0,1,Fail,-0.005176878227387147,25126.880078125,25116.7826171875,60.03143327110115,12.732142857142858
2025-07-23 06:05:00+00:00,25125.44921875,25125.6484375,0,1,Fail,-0.0007928962712886819,25126.4,25117.21005859375,59.05366431777612,12.728515625
2025-07-23 06:10:00+00:00,25125.25,25131.5,1,1,Success,0.024875374374384335,25124.069921875,25118.7275390625,62.50658693833497,12.814313616071429
2025-07-23 06:15:00+00:00,25131.5,25134.550781249996,0,1,Fail,-0.012139272427033802,25126.8,25120.52255859375,63.61079136172651,12.660853794642858
2025-07-23 06:20:00+00:00,25128.44921875,25135.30078125,1,1,Success,0.02726615733567671,25127.4796875,25121.47998046875,57.96666732470962,12.3359375
2025-07-23 06:25:00+00:00,25135.30078125,25152.400390625,1,1,Success,0.0680302556305818,25129.18984375,25122.77255859375,60.455741230300696,12.478655133928571
2025-07-23 06:30:00+00:00,25152.400390625,25158.650390624996,1,1,Success,0.024848523015439706,25134.580078125,25124.9900390625,63.96016620739312,12.7607421875
2025-07-23 06:35:00+00:00,25158.650390625,25165.451171875,0,1,Fail,-0.027031582157261546,25141.26015625,25127.5025390625,67.15600057732016,12.507254464285714
2025-07-23 06:40:00+00:00,25151.849609375,25135.048828125,1,0,Fail,0.06679739864434361,25145.330078125,25129.94501953125,56.754553892412765,13.314313616071429
2025-07-23 06:45:00+00:00,25168.650390625,25176.44921875,1,1,Success,0.030986278580535105,25153.3703125,25133.05,66.79124977487822,13.857142857142858
2025-07-23 06:50:00+00:00,25176.44921875,25173.650390625,0,0,Success,-0.01111685011925983,25161.6,25136.13994140625,72.21101481431606,13.899972098214286
2025-07-23 06:55:00+00:00,25173.650390625,25168.05078125,0,0,Success,-0.022243930809038994,25165.85,25139.019921875,67.81345846061899,13.746372767857142
2025-07-23 07:00:00+00:00,25168.05078125,25150.30078125,1,0,Fail,0.07052592254471932,25167.730078125,25141.2125,77.9824502887238,11.8857421875
2025-07-23 07:05:00+00:00,25185.80078125,25199.15234375,0,1,Fail,-0.0530122612179947,25174.5203125,25144.380078125,80.29925175818558,12.557059151785714
2025-07-23 07:10:00+00:00,25172.44921875,25172.25,0,0,Success,-0.0007914158382792944,25175.280078125,25146.05751953125,70.4192410191704,13.2607421875
2025-07-23 07:15:00+00:00,25172.25,25165.55078125,0,0,Success,-0.026613507930359822,25174.440234375,25148.0275390625,71.11933712149067,13.585797991071429
2025-07-23 07:20:00+00:00,25165.55078125,25162.251953125,1,0,Fail,0.013108507553340917,25172.8203125,25149.91259765625,67.17839413874341,13.660714285714286
2025-07-23 07:25:00+00:00,25168.849609375,25177.5,1,1,Success,0.034369431894010226,25172.980078125,25151.51005859375,66.33132347080758,13.557198660714286
2025-07-23 07:30:00+00:00,25177.5,25169.44921875,0,0,Success,-0.03197609472743521,25171.319921875,25154.492578125,70.4464779195362,14.067940848214286
2025-07-23 07:35:00+00:00,25169.44921875,25159.19921875,0,0,Success,-0.04072397417566156,25170.719921875,25156.7125,64.09363505845374,14.150111607142858
2025-07-23 07:40:00+00:00,25159.19921875,25155.19921875,1,0,Fail,0.015898757210917044,25168.109765625,25158.3349609375,52.97414596816208,13.728655133928571
2025-07-23 07:45:00+00:00,25163.19921875,25156.099609375,0,0,Success,-0.028214255720353028,25167.639453125,25160.2224609375,52.0298418356691,13.928571428571429
2025-07-23 07:50:00+00:00,25156.099609375,25145.1484375,1,0,Fail,0.04353286894649914,25165.089453125,25161.76494140625,51.89145016307536,13.939313616071429
2025-07-23 07:55:00+00:00,25167.05078125,25158.05078125,1,0,Fail,0.035761043589204324,25162.999609375,25163.54248046875,49.24899584554132,13.399972098214286
2025-07-23 08:00:00+00:00,25176.05078125,25172.05078125,0,0,Success,-0.015888115394885608,25164.319921875,25165.92255859375,49.81502296669071,13.474888392857142
2025-07-23 08:05:00+00:00,25172.05078125,25169.94921875,0,0,Success,-0.008348793343311539,25166.890234375,25167.76005859375,49.26556300497954,13.478515625
2025-07-23 08:10:00+00:00,25169.94921875,25169.44921875,1,0,Fail,0.001986495863199962,25168.240234375,25168.6375,50.90056695607322,13.460658482142858
2025-07-23 08:15:00+00:00,25170.44921875,25183.849609375,1,1,Success,0.05323858350139324,25171.11015625,25169.22744140625,41.29259531705913,12.517857142857142
2025-07-23 08:20:00+00:00,25183.849609375,25191.599609374996,1,1,Success,0.030773690758997253,25174.469921875,25170.82744140625,56.46272051978016,12.528599330357142
2025-07-23 08:25:00+00:00,25191.599609375,25197.048828125004,0,1,Fail,-0.021631094628751103,25177.5796875,25171.97490234375,60.104028468979976,12.810825892857142
2025-07-23 08:30:00+00:00,25186.150390625,25186.201171875,0,1,Fail,-0.00020162370672932302,25180.399609375,25172.4599609375,60.89903886813593,12.678850446428571
2025-07-23 08:35:00+00:00,25186.099609375,25208.050781249996,1,1,Success,0.08715590033968235,25183.6296875,25173.082421875,59.45165009499819,12.718052455357142
2025-07-23 08:40:00+00:00,25208.05078125,25210.501953125,0,1,Fail,-0.009723766015352547,25191.15,25175.082421875,64.60995283883955,13.193080357142858
2025-07-23 08:45:00+00:00,25205.599609375,25202.150390625,0,0,Success,-0.01368433524079742,25195.5,25176.07236328125,68.26606128701646,13.5966796875
2025-07-23 08:50:00+00:00,25202.150390625,25195.400390625,0,0,Success,-0.02678342877642277,25197.61015625,25177.557421875,73.30394410583416,13.532366071428571
2025-07-23 08:55:00+00:00,25195.400390625,25205.499999999996,1,1,Success,0.040085131485975437,25199.46015625,25178.71494140625,66.96507573830428,13.5751953125
2025-07-23 09:00:00+00:00,25205.5,25200.05078125,1,0,Fail,0.02161916545991946,25203.340234375,25180.71240234375,75.22891843931596,12.321568080357142
2025-07-23 09:05:00+00:00,25210.94921875,25210.400390625,0,0,Success,-0.0021769435186193746,25203.919921875,25182.8173828125,73.75396310956069,12.189453125
2025-07-23 09:10:00+00:00,25210.400390625,25209.80078125,1,0,Fail,0.0023784206744410807,25204.880078125,25184.46240234375,70.45808796383604,12.207310267857142
2025-07-23 09:15:00+00:00,25211.0,25215.0,0,1,Fail,-0.01586609019872278,25206.65,25186.53994140625,74.17680991908749,11.986049107142858
2025-07-23 09:20:00+00:00,25207.0,25212.550781250004,1,1,Success,0.02202079283532352,25208.969921875,25188.92998046875,72.4688490738957,12.093191964285714
2025-07-23 09:25:00+00:00,25212.55078125,25224.900390625,1,1,Success,0.04898199108114092,25210.380078125,25191.39755859375,74.05803559579286,12.425362723214286
2025-07-23 09:30:00+00:00,25224.900390625,25218.75,1,0,Fail,0.024382219670868684,25213.1703125,25194.83759765625,73.74271372089201,12.5751953125
2025-07-23 09:35:00+00:00,25231.05078125,25232.751953124996,0,1,Fail,-0.006742374266331369,25217.300390625,25198.03759765625,73.24770376699594,12.0107421875
2025-07-23 09:40:00+00:00,25229.349609375,25240.048828125,0,1,Fail,-0.042407826264472016,25220.9703125,25200.7025390625,76.63279054298627,12.0107421875
2025-07-23 09:45:00+00:00,25218.650390625,25221.44921875,1,1,Success,0.011098247057822176,25223.300390625,25203.03251953125,67.73884526448569,12.457170758928571
2025-07-23 09:50:00+00:00,25221.44921875,25209.19921875,0,0,Success,-0.04856977049079784,25225.080078125,25205.60751953125,59.22787182551913,11.582170758928571
2025-07-23 09:55:00+00:00,25209.19921875,25203.44921875,0,0,Success,-0.02280913388047363,25221.93984375,25207.54501953125,52.18432209589276,11.664202008928571
2025-07-24 03:45:00+00:00,25203.44921875,25206.898437500004,0,1,Fail,-0.013685502805838053,25216.41953125,25208.525,50.76674729300218,14.089285714285714
2025-07-24 03:50:00+00:00,25200.0,25188.650390625,0,0,Success,-0.04503813244047619,25210.549609375,25208.94501953125,52.825434822158925,14.54296875
2025-07-24 03:55:00+00:00,25188.650390625,25185.44921875,0,0,Success,-0.012708786796260623,25204.549609375,25209.07001953125,39.806215222656036,15.125139508928571
2025-07-24 04:00:00+00:00,25185.44921875,25182.94921875,1,0,Fail,0.0099263665233289,25197.349609375,25209.0375,34.14148278963995,15.4501953125
2025-07-24 04:05:00+00:00,25187.94921875,25187.150390625,0,0,Success,-0.0031714694914715385,25193.099609375,25208.032421875,36.368379797289435,15.532366071428571
2025-07-24 04:10:00+00:00,25187.150390625,25175.94921875,0,0,Success,-0.044471771126475775,25189.83984375,25207.1099609375,35.5542410375363,15.9501953125
2025-07-24 04:15:00+00:00,25175.94921875,25168.25,0,0,Success,-0.03058164235676938,25185.0296875,25205.79990234375,32.7015145729447,16.782366071428573
2025-07-24 04:20:00+00:00,25168.25,25160.75,1,0,Fail,0.029799449703495476,25180.949609375,25204.4423828125,25.89688000815505,16.5859375
2025-07-24 04:25:00+00:00,25175.75,25166.55078125,0,0,Success,-0.036539998808377105,25179.009765625,25202.9548828125,21.76849376112621,16.139508928571427
2025-07-24 04:30:00+00:00,25166.55078125,25173.701171875,0,1,Fail,-0.028412279009355952,25174.730078125,25200.7349609375,14.20550615611856,16.500279017857142
2025-07-24 04:35:00+00:00,25159.400390625,25160.351562500004,0,1,Fail,-0.0037805824472447666,25169.180078125,25198.1849609375,13.395339309890062,16.860909598214285
2025-07-24 04:40:00+00:00,25158.44921875,25166.749999999996,1,1,Success,0.032994009995710005,25165.680078125,25195.557421875,14.917252815468856,16.375139508928573
2025-07-24 04:45:00+00:00,25166.75,25165.69921875,1,0,Fail,0.004175275909682419,25165.380078125,25193.544921875,20.044495754999573,16.757114955357142
2025-07-24 04:50:00+00:00,25167.80078125,25163.65234375,1,0,Fail,0.016483114818242616,25163.790234375,25191.307421875,24.158782753055164,16.189313616071427
2025-07-24 04:55:00+00:00,25171.94921875,25163.69921875,1,0,Fail,0.03277457748029607,25164.869921875,25188.65986328125,29.936305679094488,13.914341517857142
2025-07-24 05:00:00+00:00,25180.19921875,25170.80078125,0,0,Success,-0.03732471462339192,25169.0296875,25186.11728515625,38.11488856431243,13.639229910714286
2025-07-24 05:05:00+00:00,25170.80078125,25169.05078125,0,0,Success,-0.006952500300680118,25171.5,25183.18984375,39.02907486500675,12.928571428571429
2025-07-24 05:10:00+00:00,25169.05078125,25169.250000000004,1,1,Success,0.0007915226987757936,25171.96015625,25180.70986328125,39.73794849788755,12.646344866071429
2025-07-24 05:15:00+00:00,25169.25,25173.349609375,1,1,Success,0.016288166612036515,25172.25,25178.09990234375,37.95117033173069,12.421316964285714
2025-07-24 05:20:00+00:00,25173.349609375,25179.798828125,0,1,Fail,-0.025619231648052892,25172.530078125,25176.307421875,41.47030412910209,12.110630580357142
2025-07-24 05:25:00+00:00,25166.900390625,25158.349609375,0,0,Success,-0.033976298699005765,25169.8703125,25174.47998046875,44.05827575453107,11.378487723214286
2025-07-24 05:30:00+00:00,25158.349609375,25157.80078125,0,0,Success,-0.0021814949451035726,25167.380078125,25172.3974609375,43.57101176665474,11.631975446428571
2025-07-24 05:35:00+00:00,25157.80078125,25167.152343749996,0,1,Fail,-0.03717162156308066,25165.130078125,25170.85498046875,37.18770904902925,11.3212890625
2025-07-24 05:40:00+00:00,25148.44921875,25154.548828125,0,1,Fail,-0.024254415538482975,25160.969921875,25169.00498046875,37.10700565745283,11.314174107142858
2025-07-24 05:45:00+00:00,25142.349609375,25170.599609375,0,1,Fail,-0.11236022264787149,25154.769921875,25166.725,37.67088456953312,11.031947544642858
2025-07-24 05:50:00+00:00,25114.099609375,25112.650390625,0,0,Success,-0.005770538353121017,25144.209765625,25163.0724609375,27.00836350142849,13.328543526785714
2025-07-24 05:55:00+00:00,25112.650390625,25098.69921875,0,0,Success,-0.055554358691698356,25135.069921875,25159.90751953125,19.809037965253808,13.274972098214286
2025-07-24 06:00:00+00:00,25098.69921875,25102.199218750004,1,1,Success,0.013944945789801419,25123.249609375,25156.42998046875,16.290636053818503,13.835658482142858
2025-07-24 06:05:00+00:00,25102.19921875,25099.05078125,0,0,Success,-0.01254247674701062,25113.999609375,25152.75244140625,15.757680337331522,13.881975446428571
2025-07-24 06:10:00+00:00,25099.05078125,25107.900390625,1,1,Success,0.03525874126527133,25105.33984375,25149.37744140625,8.061129717409813,13.499860491071429
2025-07-24 06:15:00+00:00,25107.900390625,25092.75,0,0,Success,-0.06034112924335553,25104.1,25146.80244140625,17.306559981310087,13.874860491071429
2025-07-24 06:20:00+00:00,25092.75,25113.199218750004,0,1,Fail,-0.0814945302926144,25100.119921875,25143.51748046875,15.190505023900357,14.214146205357142
2025-07-24 06:25:00+00:00,25072.30078125,25107.050781250004,0,1,Fail,-0.13859916687816437,25094.840234375,25138.79501953125,12.668090597333887,15.789202008928571
2025-07-24 06:30:00+00:00,25037.55078125,25038.400390625,1,1,Success,0.0033933405963823397,25081.910546875,25132.28251953125,7.694554298125382,17.953404017857142
2025-07-24 06:35:00+00:00,25038.400390625,25049.449218749996,1,1,Success,0.04412753192147593,25069.78046875,25125.605078125,8.52120844541787,19.096261160714285
2025-07-24 06:40:00+00:00,25049.44921875,25068.300781249996,1,1,Success,0.07525739322798858,25058.090234375,25119.067578125,15.40571058478065,20.08203125
2025-07-24 06:45:00+00:00,25068.30078125,25062.900390625,0,0,Success,-0.021542707150854268,25053.200390625,25113.942578125,24.530336359653006,21.085658482142858
2025-07-24 06:50:00+00:00,25062.900390625,25047.75,1,0,Fail,0.06044947068722796,25051.3203125,25108.63505859375,25.094672180601734,21.532087053571427
2025-07-24 06:55:00+00:00,25078.05078125,25074.30078125,1,0,Fail,0.014953315282397253,25059.4203125,25104.07509765625,32.21812915436706,22.021344866071427
2025-07-24 07:00:00+00:00,25081.80078125,25075.849609375,0,0,Success,-0.02372705184489314,25068.100390625,25099.49765625,39.667603838258366,20.585518973214285
2025-07-24 07:05:00+00:00,25075.849609375,25073.69921875,1,0,Fail,0.00857554443218563,25073.38046875,25094.9451171875,38.55702656669783,20.585658482142858
2025-07-24 07:10:00+00:00,25078.0,25077.25,0,0,Success,-0.0029906691123694077,25075.3203125,25090.92763671875,43.05395339914394,20.014229910714285
2025-07-24 07:15:00+00:00,25077.25,25084.099609375,0,1,Fail,-0.027314037125282877,25078.190234375,25086.90009765625,41.47035252440444,20.632114955357142
2025-07-24 07:20:00+00:00,25070.400390625,25100.0,0,1,Fail,-0.11806596190649067,25076.66015625,25082.99765625,40.44675997526247,20.9892578125
2025-07-24 07:25:00+00:00,25040.80078125,25029.3515625,1,0,Fail,0.04572225485126228,25068.46015625,25077.92021484375,30.34588493947078,21.907087053571427
2025-07-24 07:30:00+00:00,25052.25,25047.599609375,1,0,Fail,0.018562766318394555,25063.740234375,25074.827734375,37.87425146525512,22.532087053571427
2025-07-24 07:35:00+00:00,25056.900390625,25047.6015625,1,0,Fail,0.037110847630934994,25059.5203125,25072.040234375,44.907317661706955,20.964285714285715
2025-07-24 07:40:00+00:00,25066.19921875,25059.75,0,0,Success,-0.025728746084391844,25057.31015625,25070.415234375,61.391028758689906,19.478515625
2025-07-24 07:45:00+00:00,25059.75,25055.599609375,0,0,Success,-0.016561979369307353,25055.180078125,25068.2927734375,58.12701663668132,18.631975446428573
2025-07-24 07:50:00+00:00,25055.599609375,25052.349609375,1,0,Fail,0.012971152359826004,25058.13984375,25066.12021484375,52.47100544953434,17.410574776785715
2025-07-24 07:55:00+00:00,25058.849609375,25056.25,1,0,Fail,0.010374017225545087,25059.459765625,25063.66767578125,45.658610050549804,16.624860491071427
2025-07-24 08:00:00+00:00,25061.44921875,25056.0,0,0,Success,-0.02174343032773662,25060.36953125,25062.10263671875,49.31580007118337,16.017717633928573
2025-07-24 08:05:00+00:00,25056.0,25034.94921875,1,0,Fail,0.08401493155332056,25058.3296875,25061.28759765625,38.556659177706436,15.7177734375
2025-07-24 08:10:00+00:00,25077.05078125,25054.6015625,1,0,Fail,0.08952096857731444,25061.78984375,25063.26259765625,47.91022197988924,16.267717633928573
2025-07-24 08:15:00+00:00,25099.5,25092.69921875,0,0,Success,-0.027095285762664595,25070.569921875,25066.317578125,59.08606581773408,17.0498046875
2025-07-24 08:20:00+00:00,25092.69921875,25068.599609375,0,0,Success,-0.09604231559509575,25077.33984375,25068.480078125,55.45235881571194,17.1748046875
2025-07-24 08:25:00+00:00,25068.599609375,25099.099609375,1,1,Success,0.12166614998547345,25078.769921875,25068.49501953125,47.26507016848057,18.546316964285715
2025-07-24 08:30:00+00:00,25099.099609375,25104.0,0,1,Fail,-0.019524168999152502,25087.38984375,25070.30498046875,57.893210097230494,20.217633928571427
2025-07-24 08:35:00+00:00,25094.19921875,25097.048828125004,0,1,Fail,-0.01135564976654372,25090.81953125,25071.11240234375,66.99530043511173,19.142717633928573
2025-07-24 08:40:00+00:00,25091.349609375,25094.55078125,1,1,Success,0.012758069712614945,25089.189453125,25071.58984375,63.16502473296854,17.985630580357142
2025-07-24 08:45:00+00:00,25094.55078125,25109.40234375,0,1,Fail,-0.059182420237212235,25089.559765625,25072.52490234375,62.80200288884634,17.842633928571427
2025-07-24 08:50:00+00:00,25079.69921875,25082.19921875,0,1,Fail,-0.009968221620979243,25091.7796875,25072.60986328125,54.42328362385373,18.5498046875
2025-07-24 08:55:00+00:00,25077.19921875,25086.650390625004,1,1,Success,0.037688307185171785,25087.399609375,25072.60732421875,55.86913672310209,18.310546875
2025-07-24 09:00:00+00:00,25086.650390625,25089.201171875004,0,1,Fail,-0.010167882958791657,25085.88984375,25073.41982421875,60.08449197824449,18.528459821428573
2025-07-24 09:05:00+00:00,25084.099609375,25093.749999999996,0,1,Fail,-0.038472142812705286,25084.43984375,25075.584765625,58.237962886160915,18.578404017857142
2025-07-24 09:10:00+00:00,25074.44921875,25085.34765625,0,1,Fail,-0.043464314629293795,25080.41953125,25076.6947265625,54.05477845076946,19.1640625
2025-07-24 09:15:00+00:00,25063.55078125,25055.599609375,0,0,Success,-0.03172404398880409,25077.18984375,25077.02724609375,52.27770834318495,20.410574776785715
2025-07-24 09:20:00+00:00,25055.599609375,25049.05078125,0,0,Success,-0.026137183811596507,25072.869921875,25076.497265625,42.97393770288295,19.517717633928573
2025-07-24 09:25:00+00:00,25049.05078125,25028.30078125,1,0,Fail,0.08283747029461103,25065.35,25075.9623046875,31.55474303376498,18.478376116071427
2025-07-24 09:30:00+00:00,25069.80078125,25071.501953125,0,1,Fail,-0.006785741497684045,25062.490234375,25076.67236328125,42.402799338524716,19.335518973214285
2025-07-24 09:35:00+00:00,25068.099609375,25067.19921875,1,0,Fail,0.003591778551347669,25061.2203125,25077.13486328125,49.80515125783911,16.953404017857142
2025-07-24 09:40:00+00:00,25069.0,25058.25,0,0,Success,-0.04288164665523156,25062.31015625,25077.51240234375,34.752755357637426,14.703543526785714
2025-07-24 09:45:00+00:00,25058.25,25057.349609375,0,0,Success,-0.0035931903664461803,25062.840234375,25077.62490234375,32.80841361518891,14.453404017857142
2025-07-24 09:50:00+00:00,25057.349609375,25051.900390625,0,0,Success,-0.021746987749898417,25064.5,25076.63984375,33.43168229344077,14.228376116071429
